date,sentiment_mean,sentiment_volatility,tweet_volume,StringencyIndex_Average
2020-03-20,0.0399329922686686,-0.015937370811788587,813326.0,3.0442857142857136
2020-03-21,-0.006045008258191098,0.004600675089635575,-411313.0,5.025714285714287
2020-03-22,0.015790582825373697,-0.006065146010661271,548817.0,10.054285714285712
2020-03-23,-0.0225450513148701,-0.014081512918267314,-10862.0,4.431428571428583
2020-03-24,0.0046896778394421995,-0.009921749535353186,-291644.0,3.9028571428571297
2020-03-25,0.007210126760411502,0.020126216529722796,-207059.0,2.4471428571428504
2020-03-26,0.016320591794560496,0.0004945127163564766,-181163.0,2.1171428571428663
2020-03-27,-0.004033678203915897,-0.005659465262599306,80584.0,2.6457142857142912
2020-03-28,0.022340332784137003,0.027330276899656003,-30803.0,1.3228571428571314
2020-03-29,0.0,0.0,0.0,0.0
2020-03-30,-0.0013957136058811992,-0.017843938902240453,-348793.0,0.0
2020-03-31,-0.0179013956937153,-0.01867990058144342,236877.0,0.0
2020-04-01,-0.019931179202387104,0.018446545525509006,-109218.0,0.26428571428571956
2020-04-02,0.022327944527779104,-0.012096863342882236,-93805.0,0.26428571428571956
2020-04-03,-0.0017588758389499998,0.0010202434548418071,-213759.0,0.0
2020-04-04,0.0017112057436259945,0.014766080459264308,73048.0,-0.26428571428571956
2020-04-05,-0.0100575936293417,0.004107644478182904,31741.0,0.0
2020-04-06,-0.008800412423001697,0.008990345540758726,5620.0,0.7928571428571445
2020-04-07,0.014998838716583703,-0.010105112365764835,-168909.0,0.0
2020-04-08,0.013317318812636994,-0.03036996000563391,35667.0,0.0
2020-04-09,-0.006515271457091194,0.0178231151585852,-71961.0,0.0
2020-04-10,0.004292698670258194,0.011644140216729326,83481.0,0.0
2020-04-11,-0.0001055815992202988,-0.001106160987249416,-103544.0,0.0
2020-04-12,-0.009135373309543698,0.007212528486779002,-20473.0,0.0
2020-04-13,-0.0084475609613257,-0.029310790962023603,-188905.0,0.0
2020-04-14,0.0036510574928979994,0.002614209274632906,227462.0,0.0
2020-04-15,-0.0131326464114851,0.0026514786732179108,-88651.0,-0.5300000000000011
2020-04-16,0.011820867137027999,0.003535733623868109,6280.0,0.0
2020-04-17,0.0085583918598936,0.0015894784775983828,-40521.0,0.0
2020-04-18,0.013080496707525008,-0.0030219264122404166,2278971.0,0.0
2020-04-19,-0.007594418144257105,-0.004389713813225449,-278812.0,0.0
2020-04-20,0.000411491786397801,0.0027203659818763604,-165427.0,-0.5285714285714249
2020-04-21,0.0010769519020552981,-0.006707449907877472,-15890.0,0.0
2020-04-22,0.0016165408215334034,0.0021334184709234094,53500.0,0.0
2020-04-23,-0.0010655289425912998,0.005474093035776673,-64051.0,0.0
2020-04-24,-0.0022749632318426055,0.00034231883506402605,137575.0,0.0
2020-04-25,-0.009484462574390597,-0.004264766566645539,-356878.0,0.0
2020-04-26,0.006968468743262297,-0.0004952109333941079,366992.0,0.0
2020-04-27,0.004456682110080899,-0.010690045310439267,-136611.0,0.0
2020-04-28,-0.005436957136483199,0.007951190378944595,-93363.0,-1.3228571428571456
2020-04-29,0.006875431554734399,0.0015384404621445191,271850.0,-0.5300000000000011
2020-04-30,0.011669551716296009,0.0016006601868440717,-206264.0,0.0
2020-05-01,-0.0021160308576860104,-0.00867364385719982,38574.0,0.0
2020-05-02,-0.006221256973861999,0.002269087663202718,-6460.0,0.0
2020-05-03,-0.0024654447839650984,0.009190969713375019,49820.0,0.0
2020-05-04,-0.0011790709942760963,-0.011189924152144204,-38884.0,-2.0514285714285734
2020-05-05,0.0038759758602271016,0.007023687379861976,-8715.0,0.0
2020-05-06,-0.008012609936393501,0.009046355603587242,-54523.0,0.0
2020-05-07,0.002221376243830002,-0.00748148024411982,39435.0,0.0
2020-05-08,0.009399443828544199,0.011637222401838898,46333.0,0.0
2020-05-09,-0.011107956567865902,-0.009396051358830204,23686.0,0.0
2020-05-10,-0.0011057890163128983,-0.0038681400525789056,-65441.0,0.0
2020-05-11,0.0029363217965140964,-0.010676840982433489,8581.0,-0.5285714285714249
2020-05-12,-0.006118277464710796,0.007479526506784906,47627.0,0.0
2020-05-13,0.004696357185583096,0.0004198918106517735,75237.0,-0.9257142857142924
2020-05-14,0.004166779814563704,0.006797131584743599,-242831.0,-6.217142857142846
2020-05-15,-0.0007054005244188991,-0.007796747954145089,117327.0,-0.5285714285714391
2020-05-16,-0.006244579105065602,0.007783857766418989,1174885.0,-0.19857142857142662
2020-05-17,-0.0018209558221223,-0.009148684748718494,141843.0,0.0
2020-05-18,0.007617141906097198,0.007342098274724429,368698.0,-0.6614285714285728
2020-05-19,-0.00022512993862210118,-0.0006649632674615158,-132622.0,0.0
2020-05-20,-0.006697227668508998,-8.545223356098974e-05,23446.0,0.0
2020-05-21,0.007168390267575202,-0.002799473309829603,-208435.0,0.0
2020-05-22,0.007302370438864503,-0.0024308301595085124,-120550.0,0.0
2020-05-23,-0.014161240693709803,0.004820781535955998,16094.0,0.0
2020-05-24,0.010546643049363494,0.018503409615265587,178882.0,-0.2657142857142816
2020-05-25,0.011592605417852911,0.000984625155298624,-181494.0,-0.26428571428570535
2020-05-26,0.007139983989812498,0.0036385685374797916,-51992.0,0.0
2020-05-27,-0.0151395400765134,-0.015476809692497706,58039.0,0.0
2020-05-28,-0.021860982746527605,0.010196320052927088,-34991.0,0.0
2020-05-29,-0.005772499165419796,-0.03132363890669429,46833.0,-0.9257142857142924
2020-05-30,-0.011746435621480703,-0.007730128546165477,-394024.0,0.0
2020-05-31,0.011747520961473402,0.008123363875531281,136031.0,0.0
2020-06-01,-0.0050953935921721,0.00226660795230868,-28716.0,0.3314285714285745
2020-06-02,0.0037023394479610006,-0.002200638975222574,285.0,0.0
2020-06-03,0.007381725626533796,0.0007308489738518942,49808.0,0.0
2020-06-04,0.0048196108934285,-0.014003963932221503,-1051102.0,0.0
2020-06-05,-0.006133219603882897,0.01986207036255999,1176061.0,-1.5871428571428652
2020-06-06,-0.008824378757972602,-0.006015278203550384,-186684.0,0.0
2020-06-07,-0.010823232495794598,0.04013451474635041,-425720.0,0.0
2020-06-08,0.042285117461925606,-0.022309481408769316,263447.0,-1.3228571428571456
2020-06-09,-0.008084087905735102,-0.015224595231589977,-47257.0,-0.26428571428570535
2020-06-10,-0.0065040232688807,-0.0003674283019016178,83032.0,0.0
2020-06-11,0.003569757537930901,0.0010895066183007063,193213.0,0.0
2020-06-12,-0.0063408040590179,0.017286769039177086,117686.0,-1.3900000000000006
2020-06-13,-0.013413303892338198,-0.0027504936119029932,-367798.0,0.0
2020-06-14,-0.0545009612529843,0.05745502162178312,143225.0,0.0
2020-06-15,0.0581984915187221,-0.03481831963954013,683224.0,-0.7942857142857136
2020-06-16,0.0158004004096918,-0.03869556866052071,51710.0,0.0
2020-06-17,0.0014943875293349992,0.004838903150865936,-200914.0,0.0
2020-06-18,-0.0163671467031204,-0.006525009292465411,-15020.0,0.0
2020-06-19,0.0024083161880599988,0.0030000676823481176,-39156.0,0.0
2020-06-20,-0.006666749619735596,0.005021975005060075,-23180.0,0.0
2020-06-21,0.009117705369995698,0.015569923408748298,-258349.0,0.0
2020-06-22,0.004492003172699099,-0.0182977907485094,377462.0,-0.26428571428571246
2020-06-23,-0.014760309341652601,0.0015819833368567182,206133.0,0.26428571428571246
2020-06-24,-0.010952807202133697,0.00870418519472027,-77851.0,0.0
2020-06-25,0.0166830165013889,-0.0028198485717852995,25119.0,0.0
2020-06-26,0.004162623304011098,0.00723642253196749,57970.0,-3.9685714285714297
2020-06-27,-0.005668185845097602,-0.010808565556098992,-124489.0,0.0
2020-06-28,0.026363557878647907,0.025447198987857245,-73629.0,0.0
2020-06-29,-0.016622781902484507,-0.02134009803077125,137640.0,0.0
2020-06-30,-0.008838872631524497,-0.006168272723292789,45864.0,0.0
2020-07-01,0.008946048502911898,0.007404396634124899,438309.0,2.3814285714285646
2020-07-02,0.0027298508713103978,-0.005073570419117268,-801512.0,0.0
2020-07-03,0.026914851857283706,0.013411751746962963,-117559.0,0.0
2020-07-04,-0.0312749866874246,0.010159336419966802,630076.0,-0.19857142857142662
2020-07-05,-0.015696382048688,-0.022657241524481175,-248272.0,0.0
2020-07-06,-0.010922417771729403,0.012061416586651774,163977.0,-0.7942857142857065
2020-07-07,0.0198659363602286,-0.013356628858603559,112364.0,0.0
2020-07-08,0.00040401992819660143,0.007022841335357688,-71300.0,0.9257142857142853
2020-07-09,-0.0021856657531010015,-0.010188158733742625,-120385.0,-0.26428571428571956
2020-07-10,0.005732303931868098,0.002586717751477896,111667.0,0.0
2020-07-11,0.008024365422581205,-0.004297129835341973,-277911.0,0.0
2020-07-12,0.0044266155604442,-0.0027467813280019904,156077.0,0.0
2020-07-13,0.006633515354203104,0.012523012483193596,143048.0,-0.5285714285714249
2020-07-14,-0.000761383283572406,-0.014990364012073515,85285.0,0.0
2020-07-15,-0.019076178906638597,0.004490552572149892,-24078.0,0.0
2020-07-16,-0.014630203570433403,0.0016482249557429052,-23075.0,-0.528571428571432
2020-07-17,0.014411082656843398,-0.0063745110139578065,-69250.0,0.0
2020-07-18,0.018830947398104404,0.03256856360683369,-374703.0,0.0
2020-07-19,-0.016104135406901504,-0.0238170136753022,-39216.0,0.0
2020-07-20,0.0034814403350093004,0.005986862956890215,177504.0,0.0
2020-07-21,0.005055517386205001,-0.0039797693991383,-6758.0,0.0
2020-07-22,-0.001375848869130801,-0.0061666268776046085,-79298.0,0.0
2020-07-23,-0.0157011802728017,0.04116927909721829,-29967.0,0.0
2020-07-24,0.010990896129256501,-0.039860185646091395,-40066.0,0.0
2020-07-25,-0.0018424219968107974,-0.008535234751438886,-109266.0,0.0
2020-07-26,0.0051494620024461965,0.00293088346643941,-113204.0,0.0
2020-07-27,-0.0007892839256557968,0.0036757451780565775,489729.0,0.0
2020-07-28,-0.0042057514444258995,0.000265438467704493,278090.0,0.0
2020-07-29,0.015341595193668199,0.0031431149773778477,-160037.0,0.0
2020-07-30,-0.004289903845088601,0.010424437709272982,-38369.0,0.0
2020-07-31,-0.006059414972490698,0.005433911642305611,-101328.0,0.0
2020-08-01,0.004583086870824295,-0.013601295132234514,-333571.0,0.5300000000000011
2020-08-02,0.004895671379812401,-0.0045226458735482256,214570.0,0.528571428571432
2020-08-03,-0.012517509569869398,0.01301867698129372,61813.0,0.5285714285714178
2020-08-04,0.005696076304943301,-0.0063012325747383024,-84207.0,0.0
2020-08-05,9.522555596101767e-06,-0.009530904817484198,44558.0,0.0
2020-08-06,-0.005589311428619702,0.0019500116194268169,68597.0,0.0
2020-08-07,0.004962957259061797,-0.0023451499359282146,-136677.0,0.0
2020-08-08,-0.013013476480490699,0.012714555189598797,-220426.0,2.4471428571428575
2020-08-09,0.007226149892262404,-0.006977523522925577,340763.0,0.0
2020-08-10,0.0012354176358562938,0.010495476691825156,88589.0,0.0
2020-08-11,0.008846840706583502,-0.008346453784956798,-73157.0,0.0
2020-08-12,-0.015068209377739901,0.006953640616354895,-214258.0,6.680000000000007
2020-08-13,0.005796648606471201,-0.009916426063742101,125952.0,-0.5300000000000011
2020-08-14,0.0193555908355212,0.0031251358268897245,-66675.0,0.0
2020-08-15,0.0006239331491044026,0.00022425925550839665,-496218.0,0.0
2020-08-16,-0.0264672553394239,-0.0020913633085358208,-5148.0,0.0
2020-08-17,0.010847211451391302,0.0007351047032638225,499019.0,0.0
2020-08-18,0.0003120528944163953,0.004516551425203297,-70642.0,0.7942857142857065
2020-08-19,0.010631200972968206,-0.006372615799231485,-75967.0,0.0
2020-08-20,0.0032502970131604025,0.009247821207910678,75455.0,0.0
2020-08-21,-0.007008603460628607,-0.012486890997936484,353123.0,0.0
2020-08-22,0.007379049787668901,0.016102369202629307,-379109.0,0.0
2020-08-23,-0.014271720178462802,-0.027503680753294513,461383.0,0.39714285714286746
2020-08-24,0.006659405647019903,0.007821636819061006,-62366.0,0.0
2020-08-25,-0.007633019779021803,0.007055688068768773,-86623.0,-0.39714285714286746
2020-08-26,-0.0039771977142763,-0.01755952298170438,69639.0,0.0
2020-08-27,0.0036016460163982994,0.018631095374710582,-52760.0,0.0
2020-08-28,-0.0013007311910114006,-0.006153337234650169,-62843.0,0.39714285714286746
2020-08-29,0.0016483447761629008,-0.0014982111481720017,-568183.0,0.0
2020-08-30,-0.0017848131848077,-0.004330024239160402,212593.0,0.0
2020-08-31,0.018798394995387907,0.026388705864280215,230645.0,-3.307142857142864
2020-09-01,-0.011148437617427509,-0.023967150188819536,-59839.0,-0.7942857142857065
2020-09-02,0.0012930361276392022,0.0029098980074983016,76952.0,0.0
2020-09-03,-0.010736924797224497,0.007094005864054426,91375.0,0.0
2020-09-04,0.006017527069257997,0.002795175301248509,-644681.0,0.0
2020-09-05,-0.006180923023588601,0.005891995711844178,-452994.0,0.0
2020-09-06,0.0011437190026598043,-0.011091210715893418,6558.0,0.0
2020-09-07,-0.0095623003327941,0.0031074006913549,686193.0,-0.7928571428571445
2020-09-08,0.003325198391097496,-0.007971812409003687,167332.0,-0.5285714285714391
2020-09-09,0.002722530970808504,0.005511275496784707,386991.0,0.0
2020-09-10,-0.0013739632218709025,0.010479882823013487,49257.0,0.0
2020-09-11,0.006881254524181403,-0.014226057221789712,-532827.0,0.0
2020-09-12,-0.009897161429820403,0.017957467648608116,-333929.0,-0.39714285714285325
2020-09-13,-0.010954036004833897,0.011584888939615012,7036.0,0.0
2020-09-14,0.009146358817997198,-0.013048236377650124,417629.0,0.19857142857142662
2020-09-15,0.0177563721490294,0.0015530946577351212,48579.0,0.0
2020-09-16,-0.008114724348295098,-0.013590175945809801,200196.0,0.0
2020-09-17,-0.0084086843291021,0.015143007725280877,-177929.0,0.0
2020-09-18,0.0156496544730432,-0.011117685439361702,-332492.0,-0.9257142857142782
2020-09-19,-0.009330877203988702,-0.011539756182182781,-955153.0,0.0
2020-09-20,0.013966822011148898,0.02586467742860138,343931.0,-0.6614285714285728
2020-09-21,-0.004035734210136095,-0.009108753973646355,929858.0,-1.9857142857142875
2020-09-22,-0.003753248584945204,-0.0023726563486820007,125868.0,0.0
2020-09-23,0.0115590839930712,-0.008257119882852715,-97583.0,-0.39714285714285325
2020-09-24,-0.0174808186060149,-0.007256000095450299,-206245.0,0.26428571428571246
2020-09-25,0.002667015050670102,0.01869497068129017,-525876.0,0.0
2020-09-26,0.005298250917022497,-0.006407371695730968,-192728.0,0.0
2020-09-27,-0.003705804295806997,-0.004656808145123592,-400816.0,0.0
2020-09-28,-0.0241739175975314,0.03304864096859689,478472.0,-1.057142857142857
2020-09-29,0.0139906866428121,-0.01709704517273769,326414.0,0.0
2020-09-30,0.0074127412660906986,-0.0129480269316673,-529278.0,0.0
2020-10-01,0.0002792033667487967,0.003134375298299963,523548.0,0.0
2020-10-02,0.021480680113865308,0.0070680605932257334,1163742.0,0.0
2020-10-03,-0.014065608361439802,-0.009757998870920825,-49234.0,0.0
2020-10-04,-0.0087398581438414,0.0031413835762391096,-234162.0,0.26428571428571956
2020-10-05,-0.012865878079482002,0.011588453327175285,91240.0,0.0
2020-10-06,0.006249090413403498,-0.0086336045602608,129674.0,0.0
2020-10-07,0.001972319332886399,0.015106340475367519,-245895.0,-2.3142857142857096
2020-10-08,0.009434241717615803,-0.02391973948321069,-41485.0,0.0
2020-10-09,-0.0074124507053633035,0.0017174971105295977,-86381.0,0.0
2020-10-10,-0.0181662169662682,0.00221742031295169,-151257.0,0.0
2020-10-11,0.015340981680955202,0.0001708381683669935,-170249.0,0.0
2020-10-12,0.003838790986894297,0.0122710265128399,281370.0,-1.057142857142864
2020-10-13,0.015843025317212198,-0.010977999513868963,-63475.0,0.0
2020-10-14,-0.013790995421792497,-0.005179998517627404,-242672.0,0.0
2020-10-15,-0.0016479977195796996,0.0031909750273893533,-242273.0,-1.3228571428571385
2020-10-16,0.0006328298975103036,0.016106152515590222,-177013.0,0.0
2020-10-17,0.000605825543119401,-0.01833112774608081,-174777.0,0.0
2020-10-18,0.0318565272221677,0.029615954813055623,178627.0,0.0
2020-10-19,-0.025083761354447204,-0.017681244875000612,380229.0,0.7928571428571303
2020-10-20,-0.002796944821101703,-0.011637539653709505,-20717.0,0.0
2020-10-21,0.003169649827675404,0.003375897673042305,-263234.0,3.7700000000000102
2020-10-22,0.005904732300480393,0.004143510201556289,131746.0,0.26428571428571956
2020-10-23,-0.009438505913986796,-0.007666682983422102,-73804.0,1.058571428571419
2020-10-24,-0.0014964903046440978,0.0028545730609246256,-75886.0,0.0
2020-10-25,-0.016406926422596606,0.002515854112380367,189302.0,0.0
2020-10-26,0.006359436702817904,-0.0022089041719968727,-43194.0,0.0
2020-10-27,0.0,0.0,0.0,-0.39571428571428413
2020-10-28,-0.0010877669953930982,-0.005898057415083313,-474330.0,-1.058571428571426
2020-10-29,0.019286288083304494,0.0064476194898057115,391931.0,0.0
2020-10-30,-0.013236580599206696,0.00729204122195809,171838.0,0.26428571428571246
2020-10-31,0.0093250871607602,-0.003258297456119774,72052.0,0.0
2020-11-01,-0.008095527007555003,0.00023312499746458437,-129789.0,0.0
2020-11-02,0.013018118092438004,-0.008758266872468778,-71596.0,0.0
2020-11-03,0.018050207640591502,0.013568390020503751,-697875.0,0.0
2020-11-04,-0.0137495718254224,-0.009497492593146695,-185836.0,0.0
2020-11-05,0.00028060286374329,-0.005295397947406355,366179.0,0.0
2020-11-06,0.0009788360778562044,0.0011943493707632924,-267802.0,0.13142857142856457
2020-11-07,0.009181811208968299,0.004696226174488782,484341.0,0.0
2020-11-08,-0.027241780647317297,0.016507947410685286,-659358.0,0.26428571428571956
2020-11-09,0.0440185283111656,-0.0031969694729916953,1185129.0,-0.39571428571428413
2020-11-10,-0.025100890470359502,-0.0036370438421303164,-227860.0,-0.2657142857142887
2020-11-11,-0.014549095032544097,-0.004837473198017361,-139639.0,0.0
2020-11-12,-0.0033530764352203007,-0.004373107619293604,507391.0,0.0
2020-11-13,-0.004884645495376004,0.007427896690678615,185885.0,0.0
2020-11-14,-0.008369446919019197,-0.004609038319844938,-508396.0,0.0
2020-11-15,-0.0021954686637137982,0.017587983245624605,83333.0,0.0
2020-11-16,0.050565460839415,-0.0010942675122871948,204960.0,0.9257142857142853
2020-11-17,-0.019041571615279904,-0.007324234135247798,-63689.0,0.0
2020-11-18,-0.0023677214501019034,-0.007498527648204523,83595.0,0.5300000000000011
2020-11-19,0.009298131634403808,0.0035827931154930326,-56119.0,0.0
2020-11-20,-0.00529377412147751,-0.004024186899501403,-126062.0,0.39714285714285325
2020-11-21,-0.018410812846501194,0.008158944783960287,-165568.0,1.057142857142864
2020-11-22,-0.009269734878586101,0.0012118394828781187,-229715.0,0.0
2020-11-23,0.0218252395862751,-0.002933027781508224,333169.0,0.0
2020-11-24,-0.0058424233213802,-0.001150213005446099,-233377.0,0.0
2020-11-25,0.0059766785501100955,-0.0015946537030513963,-87661.0,0.0
2020-11-26,0.003998201079564397,-0.002835525071542111,-230867.0,0.0
2020-11-27,-0.013939407457171898,0.002013913529981093,-390030.0,0.0
2020-11-28,-0.012657726056230195,0.0017101428538230379,-26012.0,0.0
2020-11-29,0.001224279805163396,-0.007685040805288534,133035.0,0.0
2020-11-30,0.0174881905728329,0.004351788960797021,573701.0,0.0
2020-12-01,-0.020129047096169396,0.002121552275622496,-252181.0,-0.26428571428571956
2020-12-02,0.023424239701612296,-0.002748657502858687,363221.0,-0.5285714285714249
2020-12-03,0.0061014010824333095,-0.00038784461250468416,143237.0,-0.5285714285714249
2020-12-04,-0.0021405043123366024,-0.0003262628501599085,-291447.0,-1.3228571428571456
2020-12-05,-0.011243901620333306,-0.002880408507702936,-374530.0,0.0
2020-12-06,-0.00041154152633359614,-0.003906824594714975,3727835.0,0.0
2020-12-07,0.0,0.0,0.0,0.0
2020-12-08,0.014028584342492795,0.0017042896177917877,-2807405.0,0.528571428571432
2020-12-09,-0.015958835874683094,-0.0024698138610463882,-248946.0,0.0
2020-12-10,0.006436457013022298,0.0029372018989832216,-528937.0,0.0
2020-12-11,0.0017421916281221,-0.0055292339460057405,315096.0,0.0
2020-12-12,0.010549890707544501,0.0120767754771694,-600119.0,0.0
2020-12-13,0.0009803839642126,-0.006511968953905489,284064.0,0.0
2020-12-14,0.0033940117786522006,0.003200592990022788,404065.0,0.7942857142857136
2020-12-15,-0.002415330384212197,0.00903178024605894,13830.0,0.0
2020-12-16,-0.024458530243548403,-0.0055911281484885,221519.0,0.0
2020-12-17,0.010266106302121901,-0.004437308902484227,192200.0,0.0
2020-12-18,0.009562991807751997,0.007543866648058284,22137.0,0.0
2020-12-19,-0.0150372331477105,-0.010842476856312178,-554967.0,1.7185714285714226
2020-12-20,-0.001062104711919698,-0.003639782910910827,898801.0,0.0
2020-12-21,0.0007969842876357006,0.0023994201774203416,-96891.0,0.0
2020-12-22,0.000797055881944099,0.008700063898191668,-38658.0,0.39714285714286746
2020-12-23,0.007734976314956198,-0.00046816927059417646,-394494.0,0.0
2020-12-24,-0.0093184107859728,0.018089069612396202,-919712.0,-0.5285714285714391
2020-12-25,0.003623019265296498,-0.019937634675103233,-854509.0,-0.5957142857142799
2020-12-26,-0.0013941367997403961,0.002755406538653915,698693.0,0.5957142857142799
2020-12-27,-0.007556624581679501,0.018762066803602817,303757.0,1.7199999999999989
2020-12-28,-0.0010849617006691015,-0.015016569872370822,1132417.0,0.0
2020-12-29,0.005160806679904303,-0.010690456149196004,-219280.0,0.0
2020-12-30,0.005747105622486197,0.0024965043776222218,293925.0,0.5285714285714391
2020-12-31,0.016495965459472996,0.002421382254918114,-448966.0,0.0
2021-01-01,-0.012239055678187595,-0.008662676251100732,-489395.0,0.5285714285714107
2021-01-02,-0.020832056622053098,0.011319967534211328,212032.0,0.0
2021-01-03,0.016106654674004996,0.005362596143212495,250535.0,0.0
2021-01-04,-0.014243951980640497,0.0031465171359469912,226192.0,0.0
2021-01-05,0.010947937799186402,-0.01654719657283471,189585.0,1.190000000000012
2021-01-06,-0.008872847456743299,-0.003096728908636104,-394435.0,0.395714285714277
2021-01-07,0.0045585498330017946,0.004699249247874404,-721568.0,0.0
2021-01-08,0.010783642880460104,0.00455346234782511,174846.0,0.0
2021-01-09,0.0,0.0,0.0,-0.395714285714277
2021-01-10,-0.0001325641185850046,-0.0015029285715240093,-432997.0,0.0
2021-01-11,4.187764642590158e-05,0.0009585880043671002,614004.0,-2.248571428571424
2021-01-12,-0.008646492767173497,0.0086182293143921,355309.0,0.0
2021-01-13,-0.0181102885829941,0.016776161563863412,-656662.0,0.0
2021-01-14,0.01562520687583,-0.015109348967873415,758023.0,0.0
2021-01-15,0.0059598398271312955,-0.006489666884946399,-205167.0,0.0
2021-01-16,0.013589784237964295,-0.009982570404832192,-59488.0,0.0
2021-01-17,-0.01680078638115489,0.005143419123301907,-584692.0,0.0
2021-01-18,0.0275933530977489,0.03183018551443301,334959.0,0.0
2021-01-19,-0.017389405898362104,-0.031612251370505606,109953.0,0.0
2021-01-20,0.0064139123230930045,-0.004297799124677926,-644023.0,0.0
2021-01-21,-0.0015221022726544103,-0.005936505836064254,719241.0,0.0
2021-01-22,0.0039241329922327095,0.010425635680674894,-138861.0,0.0
2021-01-23,0.0014927719223259,-0.006642298111433409,-113617.0,0.0
2021-01-24,-0.00041710534080550976,-0.0058806569285759225,114335.0,0.0
2021-01-25,-0.00563467816068039,0.007543956250605333,-316520.0,0.0
2021-01-26,-0.010298213025941506,0.0076858325897346536,581099.0,0.5285714285714249
2021-01-27,0.002952794675189205,-0.011247560228708098,-195171.0,-0.7942857142857207
2021-01-28,0.021793754414409096,-0.0018191042015127667,-246985.0,0.0
2021-01-29,0.007572699008711409,0.014404933891521976,50871.0,0.0
2021-01-30,-0.02047234582642611,0.0003122333669772215,-118585.0,0.0
2021-01-31,-0.003504920086674794,-0.024820904928350013,-32032.0,2.248571428571438
2021-02-01,0.006830197284166693,0.009814055868859112,87632.0,1.0585714285714118
2021-02-02,-0.011770282316054197,0.0023486662544863757,159940.0,0.0
2021-02-03,0.015287940636589302,0.009723027418529595,-201320.0,-0.5285714285714249
2021-02-04,-0.003878914073958503,-0.005567263363802477,-339040.0,0.0
2021-02-05,0.0045079202122296075,-0.005618384657991082,-79935.0,-2.115714285714276
2021-02-06,-0.016154279418819903,0.008151186130787191,-264416.0,0.0
2021-02-07,-0.0036812825234331034,0.006226666725704266,246367.0,0.0
2021-02-08,0.022512680156610808,-0.011151706355820856,153404.0,-1.058571428571426
2021-02-09,-0.0034428258318754124,-0.0003255251652293234,-74927.0,0.0
2021-02-10,-0.002828551079742697,0.005682434522451596,109473.0,0.0
2021-02-11,-0.007785239147420395,-0.001996330203466068,-170431.0,0.0
2021-02-12,0.014283914251703902,0.002676682534546393,73945.0,2.115714285714276
2021-02-13,-0.018722954417158703,-0.006834121372661928,-560701.0,0.0
2021-02-14,0.013010083436084903,0.010141019671777718,-135533.0,0.0
2021-02-15,-0.006303251751689901,-0.01050086847914472,587822.0,6.812857142857155
2021-02-16,-0.004499530003389603,0.011102402227415598,76119.0,-0.39714285714285325
2021-02-17,-0.018782728050896404,-0.005240431506094989,119365.0,0.0
2021-02-18,0.022544371193289503,0.0064064866079613925,-214386.0,-6.48142857142858
2021-02-19,0.010568159518220294,-0.003903471891124888,-118822.0,0.0
2021-02-20,-0.014314206190257694,-0.0034580156387453154,-364132.0,0.0
2021-02-21,0.003830605851049107,-0.006454206708374988,202334.0,0.0
2021-02-22,0.0025405661563877996,0.0096488158685189,743822.0,-0.26428571428571956
2021-02-23,-0.0014000003061904048,0.0036674830081486753,13365.0,-2.4471428571428504
2021-02-24,-0.0021630252876874007,-0.009803285567987097,-146653.0,0.2657142857142816
2021-02-25,-0.008478442703957402,1.3698371482517846e-05,-109902.0,0.0
2021-02-26,-0.004614012280677697,-0.002286489805452596,-117346.0,0.0
2021-02-27,-0.001579895319135903,0.006697243844557499,-308886.0,-0.39714285714285325
2021-02-28,0.0305472402662555,0.003909976700794626,-90544.0,5.7542857142857144
2021-03-01,0.001323110568503802,-0.01068538484219983,368101.0,-0.5285714285714391
2021-03-02,-0.020784031900786197,0.007598622257663723,471035.0,0.0
2021-03-03,-0.001361810914612606,-0.0011026481941179278,44203.0,0.0
2021-03-04,0.000993741336927506,-0.006078987906305899,-204381.0,-0.5299999999999869
2021-03-05,0.015593075937879092,-0.0025670862612061085,-56083.0,0.0
2021-03-06,-0.010709112863678594,0.0036378731536841347,-361626.0,0.0
2021-03-07,-0.0070408808516658,0.011404320936637902,-156973.0,-3.7042857142857173
2021-03-08,0.011700688774668101,0.012151134711373801,-43243.0,-0.5285714285714249
2021-03-09,-0.0104755258302488,-0.0062681523364757075,104312.0,-0.7942857142857207
2021-03-10,0.0237060839472171,0.0009620463479430019,518515.0,0.0
2021-03-11,-0.0098359680270768,-0.016671829325148102,292967.0,0.0
2021-03-12,-0.009992699953043103,-0.004390954845977235,-339302.0,-2.0500000000000043
2021-03-13,-0.006164037527131398,0.0028421380679338193,-690148.0,-0.7928571428571374
2021-03-14,0.009879151112333395,0.002903007219226428,156248.0,0.0
2021-03-15,0.001878730523531602,-0.00851155867799852,279008.0,-1.0585714285714332
2021-03-16,-0.006190768007696398,-0.002055204070646688,59277.0,0.0
2021-03-17,-0.0211436321390285,0.01922299842857017,-28530.0,0.0
2021-03-18,0.012981138785075202,-0.012064324214656197,-53570.0,0.0
2021-03-19,0.008379264277603798,0.005270364242983827,-163983.0,0.0
2021-03-20,0.007978177576522492,0.01383353906148227,16701.0,0.0
2021-03-21,-0.0051035855099078875,-0.003442644442257503,676.0,0.0
2021-03-22,0.0024736367205343,-0.014677585396371207,276880.0,0.0
2021-03-23,-0.004517785613878805,-0.005832274211195088,-22952.0,-0.7928571428571445
2021-03-24,0.0015284618029113017,0.005476321205230006,-124528.0,0.0
2021-03-25,-0.0057925944698745055,-0.0028134418905461644,-57229.0,0.0
2021-03-26,0.0055575213486089015,-0.004303559547685409,-164888.0,0.7928571428571445
2021-03-27,-0.0034058403643588003,0.010060465957220766,-339148.0,-1.1899999999999977
2021-03-28,0.0028614934662615985,-0.005098538180128009,72314.0,0.0
2021-03-29,0.0053678013090048965,-0.00509801548207367,915303.0,3.174285714285716
2021-03-30,-0.011319307184812395,0.005520663139778781,96968.0,0.0
2021-03-31,0.006562970695808905,-0.006768939007339991,-281511.0,0.0
2021-04-01,-0.007870494717792803,0.004376039005511589,-256007.0,-3.5714285714285765
2021-04-02,0.009633307083756995,0.0009339386521647897,-148964.0,-0.16428571428571104
2021-04-03,0.006956532724276404,0.006564965300248138,-167534.0,2.3785714285714334
2021-04-04,-0.005570296954717502,0.0003829540725104885,-113646.0,-0.0014285714285762197
2021-04-05,0.013266392195696503,0.032640689894068375,835293.0,-0.6657142857142873
2021-04-06,-0.021664227438312998,-0.04089732800053647,308876.0,-0.0042857142857215536
2021-04-07,0.004739677943208898,0.00875326405956478,-143080.0,-0.005714285714276457
2021-04-08,-0.010982222264317602,0.0047269130588113994,-51013.0,-0.005714285714283562
2021-04-09,0.014590634949696007,-0.013920129668260395,-476461.0,-0.005714285714283562
2021-04-10,-0.012173219084947902,0.008980185689448694,-275634.0,-0.004285714285714448
2021-04-11,0.01084607054119719,0.01131242808986832,168110.0,-0.0028571428571524393
2021-04-12,-0.0036883281752295924,-0.013353703799033612,403137.0,-1.855714285714285
2021-04-13,0.006349941612457201,-0.0008711155047788077,1037302.0,-0.0028571428571382285
2021-04-14,-0.007023257635089604,0.0009687779505785921,-1686389.0,-0.005714285714290668
2021-04-15,0.005784845802055509,-5.801918105208248e-05,305953.0,-0.2685714285714198
2021-04-16,0.006479175425417788,0.0034076742735609233,376584.0,-0.004285714285714448
2021-04-17,0.0,0.0,0.0,-0.002857142857145334
2021-04-18,-0.017092286880857892,-0.010538878465800927,284147.0,-0.0014285714285762197
2021-04-19,0.008782575417948794,0.006858735796649085,113679.0,-0.269999999999996
2021-04-20,-0.011379317564604495,-0.003026627215449773,-98104.0,-0.004285714285714448
2021-04-21,0.010630735132142195,-0.004443900773392184,-83274.0,-0.004285714285714448
2021-04-22,-0.012521758821148095,0.013012250203224163,240137.0,-0.005714285714283562
2021-04-23,0.010882402294988998,-0.005527585302730786,71561.0,-0.0042857142857215536
2021-04-24,-0.008122748728481899,-0.0018226085207634912,190807.0,5.155714285714296
2021-04-25,-0.0019135457046578,-0.0018696016010483207,63538.0,-0.001428571428583325
2021-04-26,0.008528402845184899,-0.006088556927846489,151357.0,-0.0028571428571382285
2021-04-27,-0.002559996145490802,0.0028800375223188013,-136568.0,-3.0457142857142827
2021-04-28,0.0075117280549359955,0.00647132976939041,-52806.0,-0.0042857142857215536
2021-04-29,-0.0071122142020466975,-0.004858490885633615,1183451.0,-0.005714285714276457
2021-04-30,0.006595930709687801,0.0045843001814837026,-2454869.0,-0.004285714285707343
2021-05-01,-0.0009753131513623031,-0.0047206068162050085,322175.0,-1.325714285714291
2021-05-02,0.0021330059241762983,0.006475753504378234,36233.0,0.5271428571428558
2021-05-03,-0.006893015704455593,-0.0002398561179163261,508173.0,-0.20142857142857906
2021-05-04,-0.0042108949485811994,-0.005043085300800498,122201.0,-0.004285714285707343
2021-05-05,0.013641350132636197,0.0017573250790759998,-51370.0,-0.0042857142857215536
2021-05-06,-0.002573638489395999,0.003348665918264715,-107465.0,-0.004285714285707343
2021-05-07,0.0028731441085726034,-0.009226019213142034,-238940.0,-0.004285714285714448
2021-05-08,-0.00032655953010260474,-0.0011194498722366664,-295296.0,-0.5314285714285703
2021-05-09,-0.0051834455593536,0.004821791817600285,-297297.0,0.26285714285713624
2021-05-10,0.0039170360417254,-0.005757420258494905,954960.0,-2.384285714285717
2021-05-11,-0.007397804188263697,0.0022068725539924894,-242601.0,-0.0899999999999963
2021-05-12,0.004905372174713506,-0.0006113975329342658,-66731.0,0.0
2021-05-13,-0.0022695975655956033,0.0051023732360040985,490682.0,0.0
2021-05-14,0.0061306589539030995,-0.0037965848528014323,-391401.0,0.0
2021-05-15,-0.006740221939960704,5.054293572681612e-05,-390265.0,0.0
2021-05-16,0.0024951948948638072,0.0022988147431706185,-216423.0,0.0
2021-05-17,-0.004625843006167404,0.0013315421796135651,484739.0,0.0
2021-05-18,-0.0021671122342728014,0.0037812048927730046,50024.0,0.0
2021-05-19,0.0019417694670186003,0.0047578628797042,-308187.0,0.0
2021-05-20,-0.005577073508705101,-0.0007961235108814857,-6271.0,0.0
2021-05-21,0.009674360152854902,-0.005652767856960117,-412281.0,0.0
2021-05-22,-0.005423483918626203,-0.0001514009947264916,9785.0,0.0
2021-05-23,0.0034210376522864003,0.0014450181415631147,237830.0,-0.6614285714285728
2021-05-24,-6.968960852109934e-05,-0.004960907524289682,234696.0,0.0
2021-05-25,0.008024909939333004,-0.0009797465062411082,-145787.0,0.7942857142857136
2021-05-26,-0.016506012853164803,-0.002784025548579927,313382.0,0.7942857142857207
2021-05-27,-0.001773372735457801,0.01942404872503911,-146472.0,0.0
2021-05-28,0.015820405806943896,-0.02442030918960819,-176056.0,3.9671428571428606
2021-05-29,0.0072548866763103015,0.02168240032901647,-161399.0,-0.26428571428571956
2021-05-30,-0.008966855245507194,-0.004711628056508099,-213819.0,0.0
2021-05-31,0.004854088695850203,-0.0093205509502432,-67378.0,0.0
2021-06-01,-0.006903337925620312,-0.0045536409282809776,114908.0,0.0
2021-06-02,-0.005587904781499793,-0.0004840959943437084,202900.0,0.0
2021-06-03,0.011240347723328999,0.0036970607807725042,-238345.0,0.0
2021-06-04,-0.008338287318378802,0.00043702918295540627,1933.0,-0.5285714285714249
2021-06-05,0.001998096836674901,0.0052385601463729725,-533949.0,-1.587142857142858
2021-06-06,-0.0025986698387472015,-0.011058061314307782,34651.0,0.0
2021-06-07,0.010369302511989198,0.002321080569866407,485836.0,-0.7942857142857136
2021-06-08,0.002966137026704202,0.010557366954775577,-251911.0,0.0
2021-06-09,-0.012077573411269499,-0.0005984254501376629,150804.0,0.0
2021-06-10,0.0017881137950595954,0.0010757293842719728,80008.0,-0.7671428571428578
2021-06-11,-0.0014985992153310965,-0.005761040735379697,-221547.0,-2.6471428571428532
2021-06-12,-0.0014616084645253935,-0.010300920114764689,-329557.0,-0.0014285714285762197
2021-06-13,-0.024125445540845503,0.01076474238854258,181123.0,-0.0014285714285762197
2021-06-14,0.0175566652627105,0.008841861607314927,168119.0,1.1885714285714357
2021-06-15,0.0065540182208237985,-0.008739529364784226,4754.0,-0.0014285714285762197
2021-06-16,0.0009844677659550036,0.000765869119551732,-87523.0,-0.0014285714285762197
2021-06-17,0.0062917599647133934,0.003320238519137375,-190556.0,-0.0014285714285620088
2021-06-18,-0.010049321491420092,0.004179910444248036,55572.0,-0.0014285714285762197
2021-06-19,0.0018521463648489972,0.002719203567125572,-240153.0,-0.0014285714285691142
2021-06-20,0.000927810069133797,-0.008540869832868891,-41367.0,0.0
2021-06-21,-8.171830098779864e-05,-0.011842026447979798,587505.0,0.0
2021-06-22,0.0060677516310367954,0.010431378469357294,-61562.0,-0.0014285714285691142
2021-06-23,-0.007123271630845293,0.007042261595567201,-120954.0,-0.0014285714285691142
2021-06-24,0.010257381471983101,-0.0030837262597244175,-72867.0,-0.0014285714285691142
2021-06-25,-0.011723334799767698,0.002357870694227493,85250.0,-0.5285714285714391
2021-06-26,-0.008169611967889005,-0.002070087385239394,-175187.0,2.11571428571429
2021-06-27,0.0021572260904095045,0.0035161484470120907,54049.0,0.5285714285714249
2021-06-28,0.007446906346566098,-0.007570571551940686,296771.0,-0.0014285714285691142
2021-06-29,0.0002514301722748996,0.005530745791616998,-107907.0,-0.528571428571432
2021-06-30,0.0025525781518047977,-0.0013949957750311603,-101774.0,-0.0014285714285549034
2021-07-01,-0.0002835636739282957,0.006532498139756149,-134101.0,0.0
2021-07-02,-0.004109620669503905,-0.011823478856580472,-107832.0,-0.0014285714285904305
2021-07-03,0.0036328218934649006,-0.0038064808180793275,-241155.0,0.0
2021-07-04,-0.0020397835626140004,-0.0015195674951712923,138479.0,-0.7942857142857136
2021-07-05,-0.004238763245194101,0.008944040996275993,559499.0,-0.39714285714285325
2021-07-06,0.0023781430499641015,-0.0027193528634180675,193201.0,-0.16857142857142549
2021-07-07,-0.006851201364661698,-0.003726835308264509,-73625.0,-0.005714285714290668
2021-07-08,0.0013379904254310973,-0.004273062576047509,64367.0,-1.7242857142857133
2021-07-09,0.0051661277341067055,0.010367470485489833,-27803.0,-0.0028571428571382285
2021-07-10,-0.018255561106254002,-0.015898030001890023,38477.0,-0.002857142857145334
2021-07-11,-0.0038472722888744024,0.004646373345055188,276680.0,-0.0028571428571382285
2021-07-12,0.009907711191774103,0.0040039620567134115,-72264.0,-0.002857142857145334
2021-07-13,-0.0016916060175902053,-0.000761525157825127,70225.0,-0.005714285714290668
2021-07-14,0.005571443779585905,0.002609177409441721,-73207.0,-0.0028571428571382285
2021-07-15,0.001969194318597295,-0.0020714241791146004,55801.0,-0.0042857142857215536
2021-07-16,-0.001058879160753895,0.00512925098808209,292167.0,-1.3242857142857147
2021-07-17,0.004040679099802401,-0.008536590220491996,179102.0,0.6771428571428686
2021-07-18,-0.006712584604669301,0.0031408255000972274,-181929.0,-0.010000000000005116
2021-07-19,0.0038452812589546,0.008189323011449978,418210.0,-1.0728571428571456
2021-07-20,-0.0017305239168821027,0.007075059614875312,-43029.0,-0.014285714285712459
2021-07-21,0.0012847360258107995,-0.013914196871967821,-37064.0,-0.5428571428571374
2021-07-22,-0.004287490675578695,0.004051954218186604,-29820.0,-0.014285714285719564
2021-07-23,0.009611949885456897,0.0027460133049725943,-136251.0,-0.012857142857143344
2021-07-24,-0.009217019846734002,0.006796704320423008,-238650.0,-0.00857142857142179
2021-07-25,0.00010457525080800195,0.01085261399407661,-251055.0,-0.007142857142859782
2021-07-26,0.010106432908369503,-0.013194176535525515,248578.0,-0.5442857142857136
2021-07-27,-0.0110954945003131,-0.007528394499707769,178956.0,-0.009999999999990905
2021-07-28,-0.0014175606441447983,-0.0020731765607741037,279239.0,-0.01285714285715045
2021-07-29,0.001794062351109696,-0.003015071793635027,140028.0,-0.010000000000005116
2021-07-30,0.0002246386582274995,0.006204756258679001,31330.0,-0.00999999999999801
2021-07-31,-0.007330505939691097,0.010572155658016835,-428211.0,-0.007142857142859782
2021-08-01,0.005489115590974501,-0.010517639980633542,-167825.0,-0.005714285714290668
2021-08-02,0.010053467507189294,0.008240344904021646,353012.0,-0.004285714285707343
2021-08-03,0.004620164666130001,-0.012923489336022831,16049.0,-0.5399999999999991
2021-08-04,-0.007893130047557796,0.007707793484931891,281664.0,-0.008571428571428896
2021-08-05,-0.003626705226183302,-0.004684403390325387,76362.0,-0.007142857142859782
2021-08-06,0.008429371773436202,0.0006459730007943865,-353536.0,0.3142857142857167
2021-08-07,-0.0176056224022932,0.023776669879977896,-252962.0,-0.004285714285714448
2021-08-08,0.0181250516329551,-0.013814251612921158,-42451.0,-0.004285714285714448
2021-08-09,-0.005603769315715303,-0.0035383298845796385,461764.0,-0.24857142857143089
2021-08-10,0.008787389492589198,0.0074367829573415145,-59100.0,0.39000000000000057
2021-08-11,-0.016532814767974698,0.005689578506327675,63034.0,-0.008571428571428896
2021-08-12,-0.004654352706425904,-0.004981153802869787,42884.0,0.5228571428571485
2021-08-13,0.0051594631838991,-0.008671953347930805,-331897.0,0.37142857142856656
2021-08-14,0.004686207050996705,0.0014026167764950026,-508813.0,-0.004285714285714448
2021-08-15,-0.003266335886755803,-0.004106776882799368,-444183.0,-0.7057142857142793
2021-08-16,0.005059141759897003,-0.002314584816443921,84711.0,0.24285714285714022
2021-08-17,0.0130913906441813,0.0015753399631335263,631267.0,10.57
2021-08-18,-0.0009528267400951002,-0.006237855952975713,137425.0,-0.008571428571436002
2021-08-19,-0.012048229230012801,0.006888362573093387,4043.0,-0.007142857142859782
2021-08-20,-0.0028956635005720974,-0.005722032330493176,-35385.0,-0.01142857142856002
2021-08-21,-0.0076809370040494054,0.009113715152268276,414721.0,-0.0042857142857215536
2021-08-22,0.009500422473340805,0.008088215088546902,-1378308.0,-0.007142857142852677
2021-08-23,0.012978605217077596,-0.011006331245654088,1300240.0,-0.010000000000005116
2021-08-24,-0.004505816172096298,-0.006979420961785998,-162390.0,0.4200000000000017
2021-08-25,-0.001307839440009298,0.000551210741774999,-88573.0,0.5171428571428578
2021-08-26,0.001734887297993995,0.007641741165631599,-283040.0,0.5157142857142887
2021-08-27,-0.00033598152027939504,-0.0018801230869656127,92522.0,-0.008571428571428896
2021-08-28,0.005674959610742894,0.011474589463796814,-323910.0,-0.005714285714290668
2021-08-29,-0.007788099924382494,-0.012948867546077825,-158404.0,-0.008571428571428896
2021-08-30,-0.001190425067434206,-0.0011536524854989794,320957.0,0.24714285714286177
2021-08-31,0.008192974265731803,0.006720226052689071,-211659.0,-0.008571428571428896
2021-09-01,-0.005415201597715802,0.0038071140974266227,319144.0,-0.3128571428571476
2021-09-02,-0.0156573529821583,0.0067069070203741865,175234.0,0.2571428571428598
2021-09-03,0.013952333742441397,-0.010673921999286684,-533825.0,-0.007142857142859782
2021-09-04,-0.007643236078034001,0.012470769945420401,-170062.0,-0.004285714285707343
2021-09-05,0.003506812858005706,-0.013469299296845927,5387.0,-0.005714285714290668
2021-09-06,0.011192363256307396,-0.0016831559690451692,-92627.0,-0.0028571428571382285
2021-09-07,-0.0032816080740136963,-0.007339511217039629,470586.0,-2.7257142857142895
2021-09-08,0.001125691593460397,0.010346515937923628,-198314.0,-0.8028571428571354
2021-09-09,-0.0028687083159261023,-0.0018191915703225092,779343.0,-0.40714285714286547
2021-09-10,0.0032528629933104014,0.0060721156732641,475163.0,-0.4028571428571368
2021-09-11,0.00018134064960979857,-0.014577889395114396,-1237263.0,-0.008571428571428896
2021-09-12,0.0035590641088971003,0.011226922547734386,-163857.0,-0.007142857142859782
2021-09-13,-0.004771382081811298,0.004838103243443692,843598.0,-0.008571428571428896
2021-09-14,0.0011302197180360976,-0.012563259529354387,-212896.0,0.5228571428571485
2021-09-15,-0.004355005152209997,0.005574587623583593,-276690.0,-0.008571428571428896
2021-09-16,-0.009373985696176,-0.003592667195798871,90294.0,-0.011428571428581336
2021-09-17,-5.845584410880261e-05,0.007080868090862391,-11259.0,-0.008571428571428896
2021-09-18,0.0025509114094962038,-0.01561163266755261,-465201.0,-0.2771428571428558
2021-09-19,-0.006772430692548098,0.01554457085371308,49742.0,-0.008571428571428896
2021-09-20,0.033497961513711094,0.004738969467687426,499091.0,-0.14142857142856968
2021-09-21,-0.014781777374836498,-0.005477613851460894,-548544.0,-0.008571428571414685
2021-09-22,0.00027049328673749845,0.004497432673274404,81678.0,-0.0071428571428668874
2021-09-23,-0.004041420808813395,-0.0046902770383835946,-81514.0,-0.00999999999999801
2021-09-24,0.008569420679013201,0.00012321033205658916,-182670.0,-0.01142857142857423
2021-09-25,-0.012781792752881306,-0.0015023834577287953,-411112.0,-0.004285714285714448
2021-09-26,0.005224458891274701,-0.002189651604302123,-43611.0,-0.005714285714290668
2021-09-27,-0.0035222353903095957,0.0006570910484244852,760715.0,-0.00999999999999801
2021-09-28,-0.0020994056992556034,-0.005887929629779798,16930.0,-0.007142857142859782
2021-09-29,-0.000929566239795801,-0.0013222636867702975,-38815.0,-0.005714285714276457
2021-09-30,-0.006334063837731996,-0.004332297745169078,-304234.0,-0.00857142857142179
2021-10-01,0.009520351374293294,0.00920187787312371,-130769.0,-0.18285714285715926
2021-10-02,-0.0044597369139102935,0.005676843821038502,200840.0,-0.007142857142859782
2021-10-03,0.0044521681459315995,-0.007174938919704499,-369694.0,-0.005714285714276457
2021-10-04,0.010588555689023692,-0.004577263964646694,169892.0,-0.005714285714290668
2021-10-05,-0.010533651862537997,-0.0016521131007931067,239107.0,-0.005714285714290668
2021-10-06,0.004010360696966406,0.0013996177995546644,-72384.0,-0.008571428571428896
2021-10-07,0.009818907455237495,0.0026221739478284323,262452.0,-0.004285714285707343
2021-10-08,0.003848201259626302,0.022463429261476098,-926644.0,0.38857142857142435
2021-10-09,-0.004275066964144605,-0.010117956699389696,-878.0,-0.007142857142852677
2021-10-10,-0.014021017489869392,-0.01231633339817273,620956.0,-0.007142857142859782
2021-10-11,0.006262963095554998,-0.0010888588868671056,-595358.0,0.5242857142857176
2021-10-12,-0.007703384614836398,0.00929314889454702,1210699.0,-0.40428571428572013
2021-10-13,0.003630501294401796,-0.00535161769492648,-611832.0,-0.005714285714276457
2021-10-14,-0.002899857820317299,0.002843393657760873,-87519.0,-0.005714285714290668
2021-10-15,0.000238461939555297,-0.005075704358002087,-75863.0,-0.0042857142857215536
2021-10-16,-0.0018163799322442956,0.0006937055742239906,-362904.0,-0.0028571428571382285
2021-10-17,0.0040570711637184995,0.007125211098274298,-46981.0,-0.004285714285714448
2021-10-18,-0.0014284577464604986,-0.0023044333053360844,821932.0,-0.007142857142859782
2021-10-19,0.0027389512192617996,0.006140028040464984,-211737.0,-0.007142857142845571
2021-10-20,0.001164499890717395,-0.019055651973096,53185.0,-0.010000000000005116
2021-10-21,0.0182028188610122,0.00907035694670133,-9766.0,-0.004285714285714448
2021-10-22,-0.0033687307659362037,-7.507750602303576e-05,-382914.0,-1.3328571428571436
2021-10-23,-0.011167484374744595,0.0012909178542013233,-388595.0,-0.5328571428571394
2021-10-24,-0.001100824952176803,-0.00530274048551771,100043.0,-0.007142857142859782
2021-10-25,-0.0037324951869197945,-9.720922243877661e-05,298702.0,-1.0628571428571405
2021-10-26,0.007595988956224896,-0.0009967512763824349,-10991.0,-0.008571428571428896
2021-10-27,-0.007306863213688598,0.0008651672642771002,-98546.0,-0.007142857142859782
2021-10-28,-0.002086240484801598,-0.0083840511383807,-48478.0,-0.07714285714285296
2021-10-29,0.008194797938321494,0.008709522001335124,-91293.0,-0.01142857142857423
2021-10-30,-0.008474258699246194,0.01057275690168008,-210536.0,0.0985714285714252
2021-10-31,0.0028175249989077986,-0.002934215592498679,97706.0,-0.004285714285707343
2021-11-01,0.0030750437502332986,-0.009940733683369618,219017.0,-0.11857142857143543
2021-11-02,-0.0160595214377785,0.007283686581562199,-28480.0,-0.005714285714283562
2021-11-03,-0.001665156105469398,0.024896012722709804,105769.0,-0.014285714285712459
2021-11-04,0.013167084130409804,-0.020692660559291698,201141.0,-0.007142857142859782
2021-11-05,0.007057387611035894,-0.0011591620614846976,34926.0,-0.005714285714276457
2021-11-06,-0.008618353130467694,-0.0014256524274378068,-355496.0,-0.0071428571428668874
2021-11-07,0.003824806450884795,-0.0005705026974942018,-4211.0,-0.005714285714283562
2021-11-08,-0.003305804360436801,5.007472784690492e-05,242103.0,-0.32714285714285296
2021-11-09,-0.007417371316483894,-0.007811538144879615,119384.0,-1.1971428571428575
2021-11-10,0.0074160024657838955,-0.00698706911456029,-304704.0,-0.011428571428581336
2021-11-11,-0.003240585074439001,0.003159034772539815,-210902.0,-0.014285714285712459
2021-11-12,-0.001876551631146299,0.009454497483031371,258653.0,-0.014285714285712459
2021-11-13,0.0064434431261228,0.007795670911258046,-106467.0,-0.011428571428567125
2021-11-14,-0.005300535371154297,-0.011822655734764709,32299.0,0.2871428571428538
2021-11-15,0.0019539881342231016,0.003912513566103393,-58055.0,1.7085714285714246
2021-11-16,0.004050281687335899,-0.0030222246747966253,153512.0,0.22714285714286575
2021-11-17,-0.0036432075193305047,-0.0018004650325196825,40481.0,-0.01285714285715045
2021-11-18,0.009921478355185906,0.0025620800148106193,-29191.0,-0.017142857142850687
2021-11-19,-0.006528169743074505,0.014033266051598381,-260890.0,-0.005714285714297773
2021-11-20,-0.003871224721180601,-0.00016232687073602925,-131604.0,-0.9128571428571348
2021-11-21,0.0025778310944117033,-0.007596646886988967,-69420.0,-0.007142857142852677
2021-11-22,0.0051401371952656955,-0.00036199824575311457,419593.0,2.0700000000000003
2021-11-23,-0.0075007801843661945,0.010817706241959824,-148600.0,-0.012857142857143344
2021-11-24,-0.003121337633585103,-0.0072857222144934175,214605.0,-0.5442857142857207
2021-11-25,0.012719853620076396,-0.014784094863484698,-258158.0,-0.008571428571436002
2021-11-26,-3.0138704312898668e-05,-0.008673831594984305,670379.0,0.5828571428571578
2021-11-27,-0.010704850515220798,0.004978883086840996,185481.0,0.597142857142849
2021-11-28,-0.004613247373956499,0.0066590788450476,-152854.0,-0.017142857142850687
2021-11-29,0.007251329862733198,0.00248675946997301,24118.0,-0.010000000000005116
2021-11-30,-0.004533537740591495,0.0006459200627256245,144489.0,-0.8957142857142841
2021-12-01,-0.0006572389796393047,-0.0040279017892246305,193775.0,0.38142857142857167
2021-12-02,0.003514886673996305,0.003353044296577401,58654.0,-0.020000000000003126
2021-12-03,-0.016327122918746405,0.003996030621936986,-389349.0,-1.8642857142857068
2021-12-04,0.005449243971498499,0.009391654302778496,-425566.0,-0.02142857142857224
2021-12-05,0.0018298741463768017,-0.00264035619162456,47114.0,-0.008571428571436002
2021-12-06,0.004980905613541302,-0.004621166826106304,132143.0,-0.7428571428571402
2021-12-07,0.0026016123574719996,0.0036423261328712986,-6314.0,0.1885714285714286
2021-12-08,-0.011545717359575998,-0.012196103450951123,556897.0,-0.014285714285712459
2021-12-09,0.0058481850831322985,0.013083166788900702,-429089.0,-0.017142857142857792
2021-12-10,0.004074768522596896,0.0014960391346617308,-367583.0,-0.00999999999999801
2021-12-11,-0.007174596822650099,-0.011248534483014216,175924.0,-0.02571428571428669
2021-12-12,0.010580420199102804,-0.0003502587434612292,-67591.0,-0.007142857142859782
2021-12-13,0.001933269200361,0.0012888859150687049,459017.0,-0.00999999999999801
2021-12-14,0.001446048122077298,-0.0020009384033971567,342836.0,-2.3328571428571436
2021-12-15,0.0005722837709013981,-0.002302886239780144,113751.0,-3.798571428571428
2021-12-16,-0.005512502284185199,0.0008099060768744226,-13708.0,-0.01142857142857423
2021-12-17,0.0017793551922681977,-0.0024698318442529232,289689.0,-0.021428571428565135
2021-12-18,-0.004886485859730498,-0.002657981278893967,51718.0,-0.020000000000003126
2021-12-19,0.0004562726680265028,0.011015487959518372,-117353.0,-0.3128571428571405
2021-12-20,0.0010191716397318987,-0.006329476584522764,249668.0,-0.012857142857143344
2021-12-21,-0.004397394190330001,0.008709174694264299,45616.0,-0.018571428571434012
2021-12-22,0.011062437812838999,0.004299177174933777,-109939.0,0.3300000000000125
2021-12-23,-0.010338573884261695,0.006262943869123794,-315246.0,-0.020000000000010232
2021-12-24,-0.002958925175951102,-0.002924278170803707,-438311.0,0.7185714285714297
2021-12-25,-0.0036354325735997034,0.0022299519009931212,-630589.0,-0.014285714285712459
2021-12-26,0.008402207777106104,-0.016274831319378014,312667.0,0.3942857142857079
2021-12-27,-0.0010560394128686992,0.006381018645015113,782169.0,0.3900000000000077
2021-12-28,-0.007566453196104203,-0.009003185967512428,505514.0,-0.015714285714288678
2021-12-29,-7.975770115600106e-05,0.004643378922299823,69577.0,0.5071428571428598
2021-12-30,0.008233751118802701,0.0005098818453316833,63805.0,-0.008571428571428896
2021-12-31,0.0151681077778143,0.004471488435151105,-518005.0,1.394285714285715
2022-01-01,-0.005248341373631997,0.0014602106020999983,-686124.0,-0.29000000000000625
2022-01-02,-0.005951410745787901,-0.002636983076578281,309880.0,-0.005714285714283562
2022-01-03,-0.0032507038269838986,-0.005492034490579778,428632.0,0.5457142857142898
2022-01-04,-0.0019743284680137987,-0.004586543913280838,344656.0,-0.27285714285714135
2022-01-05,-0.0009322224251045036,0.00011433086910772605,64998.0,-0.008571428571428896
2022-01-06,-0.0012282391429635012,0.008697911842155681,-382264.0,0.7842857142857085
2022-01-07,0.0035484202439087023,0.0036403410935951785,333157.0,-0.010000000000005116
2022-01-08,-0.002083219169608401,-0.005235917950369262,-247250.0,-0.008571428571414685
2022-01-09,0.0015453347419940033,0.002354072425712006,-119194.0,-0.7985714285714351
2022-01-10,-0.0018081317022078033,-0.00029944605157461446,394238.0,-0.008571428571428896
2022-01-11,-0.0065083926244799,-0.0008574218492429231,-41554.0,-0.8057142857142878
2022-01-12,0.0044503918812517015,-0.004692884944669573,-118309.0,-0.008571428571428896
2022-01-13,0.0009764762504319013,0.009889402189114715,-100967.0,0.7842857142857085
2022-01-14,0.0066146581553225,-0.0006287557086788187,-327352.0,-0.007142857142852677
2022-01-15,-0.0033441221888757047,-0.0004939518676734256,-521297.0,-0.00857142857142179
2022-01-16,0.002608296310734899,-0.010300789475956085,-25509.0,-0.004285714285714448
2022-01-17,-0.0060042377311448,0.0012005533281247982,21221.0,-0.5371428571428609
2022-01-18,0.024286022204600397,0.01328214744297801,434098.0,-0.9314285714285688
2022-01-19,0.0031959066314680012,-0.004109780256892792,205834.0,1.9442857142857122
2022-01-20,-0.011927099257459398,-0.011510397234831993,-757319.0,-0.2928571428571445
2022-01-21,-0.006402898937188095,0.008199493642799094,74608.0,0.23857142857143288
2022-01-22,-0.0065055874212317025,0.004616332329275885,-120698.0,-2.424285714285709
2022-01-23,0.014219724613568803,-0.0019057737532389152,-89271.0,0.05714285714284273
2022-01-24,-0.000946901248245903,-0.003613668847830487,329686.0,-0.004285714285707343
2022-01-25,-0.0079978945315907,-0.0010138094614610127,4351.0,-0.2685714285714269
2022-01-26,0.003845842893203201,-0.0002766455370711851,-267557.0,-0.008571428571428896
2022-01-27,0.0032248655372498977,0.0052671727222493026,158659.0,-0.1971428571428646
2022-01-28,-0.0030684968816395986,-0.00877125551463559,-176002.0,0.24714285714286888
2022-01-29,-0.0008357704278392983,0.007697058588300665,-275267.0,-0.005714285714283562
2022-01-30,0.0013030558565656006,0.007794299473660837,-165400.0,-1.2157142857142915
2022-01-31,0.00010899769673260173,-0.0027227929426811293,647250.0,-0.2757142857142938
2022-02-01,-0.008751287896725503,-0.011926392291493892,-268675.0,-0.2771428571428487
2022-02-02,0.005401367120047802,-0.0035103778238080863,43947.0,-0.011428571428581336
2022-02-03,-0.0010789820022475,-0.0008659843388850175,-199137.0,-0.012857142857136239
2022-02-04,-0.006663248032607705,0.008501266617665537,-98420.0,-0.8028571428571283
2022-02-05,0.0055046196117594995,-0.008354542677066035,-218364.0,0.2599999999999909
2022-02-06,-0.0008123251046618998,0.01774741775877481,-168194.0,0.16571428571428015
2022-02-07,0.008170090516969306,-0.006402451060164682,282367.0,-0.2785714285714249
2022-02-08,-0.0009537196059871064,-0.0014776945677983377,192142.0,-0.6614285714285657
2022-02-09,-0.009742859335057197,0.005024634663420513,155915.0,-0.01285714285715045
2022-02-10,0.003637052107501197,-0.009396031215743783,-228909.0,-0.004285714285714448
2022-02-11,-0.00034170612913689974,-0.0020763242363193157,-78193.0,-0.2942857142857207
2022-02-12,-0.006526516458407995,-0.006802806753330892,-227755.0,-0.004285714285714448
2022-02-13,0.007220139110540695,-0.002870985418876093,-205846.0,-1.3071428571428498
2022-02-14,0.007228123216276701,0.002395896051172991,168834.0,-0.4028571428571439
2022-02-15,-0.012267144553763099,0.00616783446935229,277526.0,-1.2457142857142927
2022-02-16,0.005347278843748901,-0.0004341946473300773,-205610.0,-0.007142857142845571
2022-02-17,0.010767853977144096,0.011214044163389114,-37792.0,-0.005714285714290668
2022-02-18,-0.011836160822636596,-0.008171604505491925,-54288.0,-0.008571428571428896
2022-02-19,-0.0032557545909539035,0.002814755049764306,-352880.0,-0.0028571428571382285
2022-02-20,0.016042314813877405,0.0014039410357558069,295461.0,-0.0014285714285762197
2022-02-21,-0.013670384443533204,0.003644494809278198,234873.0,-2.010000000000005
2022-02-22,0.0016333975650325988,-0.007019844558320332,-434346.0,-0.005714285714276457
2022-02-23,-0.004362965594285194,-0.007161817533925197,145896.0,-0.005714285714290668
2022-02-24,-0.0016847989240259056,-0.005862586285811683,-70345.0,-0.007142857142852677
2022-02-25,0.0196171546689103,0.010531946222771676,-223856.0,-0.005714285714283562
2022-02-26,-0.0010206261395737937,0.004651346444680127,-171480.0,-0.0042857142857215536
2022-02-27,-0.009302152172203502,-0.022445867846462297,116498.0,-0.30714285714284983
2022-02-28,0.014866253526689806,0.016242890260621423,136589.0,-3.732857142857135
2022-03-01,0.006445761924733992,0.010145854048641656,166830.0,-1.537142857142868
2022-03-02,-0.014568058910809097,-0.0012004962086744064,257358.0,-0.004285714285714448
2022-03-03,-0.012437119614441501,-0.0017857446921673015,-361546.0,0.042857142857137376
2022-03-04,0.0020072933239419985,-0.007619705963023693,-61735.0,-0.005714285714283562
2022-03-05,0.006408935923903403,0.0003706443145843341,-316933.0,-0.79999999999999
2022-03-06,0.003918041929737999,0.007243891149273873,72583.0,-0.001428571428583325
2022-03-07,-0.004624601257111803,0.0028675297542392064,308466.0,-0.404285714285713
2022-03-08,-0.0015732297747006949,-0.005678630215408209,63544.0,-0.005714285714283562
2022-03-09,-0.0011942276372469002,-0.005674880166993801,-89828.0,-0.008571428571428896
2022-03-10,0.008055643854839104,0.007396931408890917,-90302.0,-0.005714285714290668
2022-03-11,-0.006662825953790905,-0.009567830153452611,47843.0,-0.00857142857142179
2022-03-12,-0.0177798667276406,0.004804406706119507,-219596.0,-0.008571428571428896
2022-03-13,0.006217369954204195,0.007476436538480291,93726.0,-0.004285714285714448
2022-03-14,-0.0021680732210419967,-0.0011809901633587083,198044.0,-0.7814285714285703
2022-03-15,0.009411045502861197,0.0008245798835052054,300164.0,-1.2000000000000028
2022-03-16,-0.001044852331703601,-0.00040862662749058254,-577367.0,0.5200000000000031
2022-03-17,0.005653532153904003,0.0003189436342835861,117129.0,-0.010000000000005116
2022-03-18,-0.00017292240502569944,-0.012793528570588991,9344.0,-0.40571428571428214
2022-03-19,0.007570860663132492,0.0039997969022047275,-129707.0,-0.012857142857143344
2022-03-20,-0.010853239778412196,0.012258647828471192,21853.0,-0.005714285714290668
2022-03-21,-0.0022219212988406,-0.005944755903679044,42613.0,-0.007142857142852677
2022-03-22,0.005791975757468704,-0.01132327674896097,178435.0,-0.01142857142857423
2022-03-23,0.005220004085407598,-0.0024201381264944977,-47327.0,-0.005714285714283562
2022-03-24,-0.009547885243774597,0.010447778720986373,-7990.0,-0.010000000000005116
2022-03-25,0.0060594762006091,0.005100637901782501,-184060.0,-0.00999999999999801
2022-03-26,0.009845831359832503,-0.0037045950197353017,-62552.0,-0.5057142857142836
2022-03-27,-0.012688928450580506,-0.00028754926854879237,-5822.0,-0.005714285714283562
2022-03-28,0.015175524737955207,-0.0002581324421978004,139221.0,-0.4028571428571439
2022-03-29,-0.012990532099854304,0.00843450511927002,283476.0,-0.005714285714283562
2022-03-30,0.0007559980379065953,-0.002320542754632393,-10008.0,-1.2028571428571446
2022-03-31,-0.0075247729856927,-0.0018105886696117013,-286415.0,0.9585714285714282
