date,sentiment_mean,sentiment_volatility,tweet_volume
2020-03-19,-0.0061657310823133,0.2943170198989148,831327.0
2020-03-20,0.033767261186355396,0.2783796490871262,1644653.0
2020-03-21,0.0277222529281642,0.2829803241767618,1233340.0
2020-03-22,0.0435128357535379,0.2769151781661005,1782157.0
2020-03-23,0.0209677844386678,0.2628336652478332,1771295.0
2020-03-24,0.02565746227811,0.25291191571248,1479651.0
2020-03-25,0.0328675890385215,0.2730381322422028,1272592.0
2020-03-26,0.049188180833082,0.2735326449585593,1091429.0
2020-03-27,0.0451545026291661,0.26787317969596,1172013.0
2020-03-28,0.0674948354133031,0.295203456595616,1141210.0
2020-03-29,0.0674948354133031,0.295203456595616,1141210.0
2020-03-30,0.0660991218074219,0.2773595176933755,792417.0
2020-03-31,0.0481977261137066,0.2586796171119321,1029294.0
2020-04-01,0.0282665469113195,0.2771261626374411,920076.0
2020-04-02,0.0505944914390986,0.2650292992945589,826271.0
2020-04-03,0.0488356156001486,0.2660495427494007,612512.0
2020-04-04,0.0505468213437746,0.280815623208665,685560.0
2020-04-05,0.0404892277144329,0.2849232676868479,717301.0
2020-04-06,0.0316888152914312,0.2939136132276066,722921.0
2020-04-07,0.0466876540080149,0.2838085008618418,554012.0
2020-04-08,0.0600049728206519,0.2534385408562079,589679.0
2020-04-09,0.0534897013635607,0.2712616560147931,517718.0
2020-04-10,0.0577824000338189,0.2829057962315224,601199.0
2020-04-11,0.0576768184345986,0.281799635244273,497655.0
2020-04-12,0.0485414451250549,0.289012163731052,477182.0
2020-04-13,0.0400938841637292,0.2597013727690284,288277.0
2020-04-14,0.0437449416566272,0.2623155820436613,515739.0
2020-04-15,0.0306122952451421,0.2649670607168792,427088.0
2020-04-16,0.0424331623821701,0.2685027943407473,433368.0
2020-04-17,0.0509915542420637,0.2700922728183457,392847.0
2020-04-18,0.0640720509495887,0.2670703464061053,2671818.0
2020-04-19,0.0564776328053316,0.2626806325928798,2393006.0
2020-04-20,0.0568891245917294,0.2654009985747562,2227579.0
2020-04-21,0.0579660764937847,0.2586935486668787,2211689.0
2020-04-22,0.0595826173153181,0.2608269671378021,2265189.0
2020-04-23,0.0585170883727268,0.2663010601735788,2201138.0
2020-04-24,0.0562421251408842,0.2666433790086428,2338713.0
2020-04-25,0.0467576625664936,0.2623786124419973,1981835.0
2020-04-26,0.0537261313097559,0.2618834015086032,2348827.0
2020-04-27,0.0581828134198368,0.2511933561981639,2212216.0
2020-04-28,0.0527458562833536,0.2591445465771085,2118853.0
2020-04-29,0.059621287838088,0.260682987039253,2390703.0
2020-04-30,0.071290839554384,0.2622836472260971,2184439.0
2020-05-01,0.069174808696698,0.2536100033688973,2223013.0
2020-05-02,0.062953551722836,0.2558790910321,2216553.0
2020-05-03,0.0604881069388709,0.265070060745475,2266373.0
2020-05-04,0.0593090359445948,0.2538801365933308,2227489.0
2020-05-05,0.0631850118048219,0.2609038239731928,2218774.0
2020-05-06,0.0551724018684284,0.26995017957678,2164251.0
2020-05-07,0.0573937781122584,0.2624686993326602,2203686.0
2020-05-08,0.0667932219408026,0.2741059217344991,2250019.0
2020-05-09,0.0556852653729367,0.2647098703756689,2273705.0
2020-05-10,0.0545794763566238,0.26084173032309,2208264.0
2020-05-11,0.0575157981531379,0.2501648893406565,2216845.0
2020-05-12,0.0513975206884271,0.2576444158474414,2264472.0
2020-05-13,0.0560938778740102,0.2580643076580932,2339709.0
2020-05-14,0.0602606576885739,0.2648614392428368,2096878.0
2020-05-15,0.059555257164155,0.2570646912886917,2214205.0
2020-05-16,0.0533106780590894,0.2648485490551107,3389090.0
2020-05-17,0.0514897222369671,0.2556998643063922,3530933.0
2020-05-18,0.0591068641430643,0.2630419625811166,3899631.0
2020-05-19,0.0588817342044422,0.2623769993136551,3767009.0
2020-05-20,0.0521845065359332,0.2622915470800941,3790455.0
2020-05-21,0.0593528968035084,0.2594920737702645,3582020.0
2020-05-22,0.0666552672423729,0.257061243610756,3461470.0
2020-05-23,0.0524940265486631,0.261882025146712,3477564.0
2020-05-24,0.0630406695980266,0.2803854347619776,3656446.0
2020-05-25,0.0746332750158795,0.2813700599172762,3474952.0
2020-05-26,0.081773259005692,0.285008628454756,3422960.0
2020-05-27,0.0666337189291786,0.2695318187622583,3480999.0
2020-05-28,0.044772736182651,0.2797281388151854,3446008.0
2020-05-29,0.0390002370172312,0.2484044999084911,3492841.0
2020-05-30,0.0272538013957505,0.2406743713623256,3098817.0
2020-05-31,0.0390013223572239,0.2487977352378569,3234848.0
2020-06-01,0.0339059287650518,0.2510643431901656,3206132.0
2020-06-02,0.0376082682130128,0.248863704214943,3206417.0
2020-06-03,0.0449899938395466,0.2495945531887949,3256225.0
2020-06-04,0.0498096047329751,0.2355905892565734,2205123.0
2020-06-05,0.0436763851290922,0.2554526596191334,3381184.0
2020-06-06,0.0348520063711196,0.249437381415583,3194500.0
2020-06-07,0.024028773875325,0.2895718961619334,2768780.0
2020-06-08,0.0663138913372506,0.2672624147531641,3032227.0
2020-06-09,0.0582298034315155,0.2520378195215741,2984970.0
2020-06-10,0.0517257801626348,0.2516703912196725,3068002.0
2020-06-11,0.0552955377005657,0.2527598978379732,3261215.0
2020-06-12,0.0489547336415478,0.2700466668771503,3378901.0
2020-06-13,0.0355414297492096,0.2672961732652473,3011103.0
2020-06-14,-0.0189595315037747,0.3247511948870304,3154328.0
2020-06-15,0.0392389600149474,0.2899328752474903,3837552.0
2020-06-16,0.0550393604246392,0.2512373065869696,3889262.0
2020-06-17,0.0565337479539742,0.2560762097378355,3688348.0
2020-06-18,0.0401666012508538,0.2495512004453701,3673328.0
2020-06-19,0.0425749174389138,0.2525512681277182,3634172.0
2020-06-20,0.0359081678191782,0.2575732431327783,3610992.0
2020-06-21,0.0450258731891739,0.2731431665415266,3352643.0
2020-06-22,0.049517876361873,0.2548453757930172,3730105.0
2020-06-23,0.0347575670202204,0.2564273591298739,3936238.0
2020-06-24,0.0238047598180867,0.2651315443245942,3858387.0
2020-06-25,0.0404877763194756,0.2623116957528089,3883506.0
2020-06-26,0.0446503996234867,0.2695481182847764,3941476.0
2020-06-27,0.0389822137783891,0.2587395527286774,3816987.0
2020-06-28,0.065345771657037,0.2841867517165346,3743358.0
2020-06-29,0.0487229897545525,0.2628466536857634,3880998.0
2020-06-30,0.039884117123028,0.2566783809624706,3926862.0
2020-07-01,0.0488301656259399,0.2640827775965955,4365171.0
2020-07-02,0.0515600164972503,0.2590092071774782,3563659.0
2020-07-03,0.078474868354534,0.2724209589244412,3446100.0
2020-07-04,0.0471998816671094,0.282580295344408,4076176.0
2020-07-05,0.0315034996184214,0.2599230538199268,3827904.0
2020-07-06,0.020581081846692,0.2719844704065786,3991881.0
2020-07-07,0.0404470182069206,0.258627841547975,4104245.0
2020-07-08,0.0408510381351172,0.2656506828833327,4032945.0
2020-07-09,0.0386653723820162,0.2554625241495901,3912560.0
2020-07-10,0.0443976763138843,0.258049241901068,4024227.0
2020-07-11,0.0524220417364655,0.253752112065726,3746316.0
2020-07-12,0.0568486572969097,0.251005330737724,3902393.0
2020-07-13,0.0634821726511128,0.2635283432209176,4045441.0
2020-07-14,0.0627207893675404,0.2485379792088441,4130726.0
2020-07-15,0.0436446104609018,0.253028531780994,4106648.0
2020-07-16,0.0290144068904684,0.2546767567367369,4083573.0
2020-07-17,0.0434254895473118,0.2483022457227791,4014323.0
2020-07-18,0.0622564369454162,0.2808708093296128,3639620.0
2020-07-19,0.0461523015385147,0.2570537956543106,3600404.0
2020-07-20,0.049633741873524,0.2630406586112008,3777908.0
2020-07-21,0.054689259259729,0.2590608892120625,3771150.0
2020-07-22,0.0533134103905982,0.2528942623344579,3691852.0
2020-07-23,0.0376122301177965,0.2940635414316762,3661885.0
2020-07-24,0.048603126247053,0.2542033557855848,3621819.0
2020-07-25,0.0467607042502422,0.2456681210341459,3512553.0
2020-07-26,0.0519101662526884,0.2485990045005853,3399349.0
2020-07-27,0.0511208823270326,0.2522747496786419,3889078.0
2020-07-28,0.0469151308826067,0.2525401881463464,4167168.0
2020-07-29,0.0622567260762749,0.2556833031237242,4007131.0
2020-07-30,0.0579668222311863,0.2661077408329972,3968762.0
2020-07-31,0.0519074072586956,0.2715416524753028,3867434.0
2020-08-01,0.0564904941295199,0.2579403573430683,3533863.0
2020-08-02,0.0613861655093323,0.2534177114695201,3748433.0
2020-08-03,0.0488686559394629,0.2664363884508138,3810246.0
2020-08-04,0.0545647322444062,0.2601351558760755,3726039.0
2020-08-05,0.0545742548000023,0.2506042510585913,3770597.0
2020-08-06,0.0489849433713826,0.2525542626780181,3839194.0
2020-08-07,0.0539479006304444,0.2502091127420899,3702517.0
2020-08-08,0.0409344241499537,0.2629236679316887,3482091.0
2020-08-09,0.0481605740422161,0.2559461444087631,3822854.0
2020-08-10,0.0493959916780724,0.2664416211005883,3911443.0
2020-08-11,0.0582428323846559,0.2580951673156315,3838286.0
2020-08-12,0.043174623006916,0.2650488079319864,3624028.0
2020-08-13,0.0489712716133872,0.2551323818682443,3749980.0
2020-08-14,0.0683268624489084,0.258257517695134,3683305.0
2020-08-15,0.0689507955980128,0.2584817769506424,3187087.0
2020-08-16,0.0424835402585889,0.2563904136421066,3181939.0
2020-08-17,0.0533307517099802,0.2571255183453704,3680958.0
2020-08-18,0.0536428046043966,0.2616420697705737,3610316.0
2020-08-19,0.0642740055773648,0.2552694539713422,3534349.0
2020-08-20,0.0675243025905252,0.2645172751792529,3609804.0
2020-08-21,0.0605156991298966,0.2520303841813164,3962927.0
2020-08-22,0.0678947489175655,0.2681327533839457,3583818.0
2020-08-23,0.0536230287391027,0.2406290726306512,4045201.0
2020-08-24,0.0602824343861226,0.2484507094497122,3982835.0
2020-08-25,0.0526494146071008,0.255506397518481,3896212.0
2020-08-26,0.0486722168928245,0.2379468745367766,3965851.0
2020-08-27,0.0522738629092228,0.2565779699114872,3913091.0
2020-08-28,0.0509731317182114,0.250424632676837,3850248.0
2020-08-29,0.0526214764943743,0.248926421528665,3282065.0
2020-08-30,0.0508366633095666,0.2445963972895046,3494658.0
2020-08-31,0.0696350583049545,0.2709851031537848,3725303.0
2020-09-01,0.058486620687527,0.2470179529649653,3665464.0
2020-09-02,0.0597796568151662,0.2499278509724636,3742416.0
2020-09-03,0.0490427320179417,0.257021856836518,3833791.0
2020-09-04,0.0550602590871997,0.2598170321377665,3189110.0
2020-09-05,0.0488793360636111,0.2657090278496107,2736116.0
2020-09-06,0.0500230550662709,0.2546178171337173,2742674.0
2020-09-07,0.0404607547334768,0.2577252178250722,3428867.0
2020-09-08,0.0437859531245743,0.2497534054160685,3596199.0
2020-09-09,0.0465084840953828,0.2552646809128532,3983190.0
2020-09-10,0.0451345208735119,0.2657445637358667,4032447.0
2020-09-11,0.0520157753976933,0.251518506514077,3499620.0
2020-09-12,0.0421186139678729,0.2694759741626851,3165691.0
2020-09-13,0.031164577963039,0.2810608631023001,3172727.0
2020-09-14,0.0403109367810362,0.26801262672465,3590356.0
2020-09-15,0.0580673089300656,0.2695657213823851,3638935.0
2020-09-16,0.0499525845817705,0.2559755454365753,3839131.0
2020-09-17,0.0415439002526684,0.2711185531618562,3661202.0
2020-09-18,0.0571935547257116,0.2600008677224945,3328710.0
2020-09-19,0.0478626775217229,0.2484611115403117,2373557.0
2020-09-20,0.0618294995328718,0.2743257889689131,2717488.0
2020-09-21,0.0577937653227357,0.2652170349952667,3647346.0
2020-09-22,0.0540405167377905,0.2628443786465847,3773214.0
2020-09-23,0.0655996007308617,0.254587258763732,3675631.0
2020-09-24,0.0481187821248468,0.2473312586682817,3469386.0
2020-09-25,0.0507857971755169,0.2660262293495719,2943510.0
2020-09-26,0.0560840480925394,0.2596188576538409,2750782.0
2020-09-27,0.0523782437967324,0.2549620495087173,2349966.0
2020-09-28,0.028204326199201,0.2880106904773142,2828438.0
2020-09-29,0.0421950128420131,0.2709136453045765,3154852.0
2020-09-30,0.0496077541081038,0.2579656183729092,2625574.0
2020-10-01,0.0498869574748526,0.2610999936712092,3149122.0
2020-10-02,0.0713676375887179,0.2681680542644349,4312864.0
2020-10-03,0.0573020292272781,0.2584100553935141,4263630.0
2020-10-04,0.0485621710834367,0.2615514389697532,4029468.0
2020-10-05,0.0356962930039547,0.2731398922969285,4120708.0
2020-10-06,0.0419453834173582,0.2645062877366677,4250382.0
2020-10-07,0.0439177027502446,0.2796126282120352,4004487.0
2020-10-08,0.0533519444678604,0.2556928887288245,3963002.0
2020-10-09,0.0459394937624971,0.2574103858393541,3876621.0
2020-10-10,0.0277732767962289,0.2596278061523058,3725364.0
2020-10-11,0.0431142584771841,0.2597986443206728,3555115.0
2020-10-12,0.0469530494640784,0.2720696708335127,3836485.0
2020-10-13,0.0627960747812906,0.2610916713196437,3773010.0
2020-10-14,0.0490050793594981,0.2559116728020163,3530338.0
2020-10-15,0.0473570816399184,0.2591026478294057,3288065.0
2020-10-16,0.0479899115374287,0.2752088003449959,3111052.0
2020-10-17,0.0485957370805481,0.2568776725989151,2936275.0
2020-10-18,0.0804522643027158,0.2864936274119707,3114902.0
2020-10-19,0.0553685029482686,0.2688123825369701,3495131.0
2020-10-20,0.0525715581271669,0.2571748428832606,3474414.0
2020-10-21,0.0557412079548423,0.2605507405563029,3211180.0
2020-10-22,0.0616459402553227,0.2646942507578592,3342926.0
2020-10-23,0.0522074343413359,0.2570275677744371,3269122.0
2020-10-24,0.0507109440366918,0.2598821408353617,3193236.0
2020-10-25,0.0343040176140952,0.2623979949477421,3382538.0
2020-10-26,0.0406634543169131,0.2601890907757452,3339344.0
2020-10-27,0.0406634543169131,0.2601890907757452,3339344.0
2020-10-28,0.03957568732152,0.2542910333606619,2865014.0
2020-10-29,0.0588619754048245,0.2607386528504676,3256945.0
2020-10-30,0.0456253948056178,0.2680306940724257,3428783.0
2020-10-31,0.054950481966378,0.2647723966163059,3500835.0
2020-11-01,0.046854954958823,0.2650055216137705,3371046.0
2020-11-02,0.059873073051261,0.2562472547413017,3299450.0
2020-11-03,0.0779232806918525,0.2698156447618055,2601575.0
2020-11-04,0.0641737088664301,0.2603181521686588,2415739.0
2020-11-05,0.0644543117301734,0.2550227542212524,2781918.0
2020-11-06,0.0654331478080296,0.2562171035920157,2514116.0
2020-11-07,0.0746149590169979,0.2609133297665045,2998457.0
2020-11-08,0.0473731783696806,0.2774212771771898,2339099.0
2020-11-09,0.0913917066808462,0.2742243077041981,3524228.0
2020-11-10,0.0662908162104867,0.2705872638620678,3296368.0
2020-11-11,0.0517417211779426,0.2657497906640504,3156729.0
2020-11-12,0.0483886447427223,0.2613766830447568,3664120.0
2020-11-13,0.0435039992473463,0.2688045797354354,3850005.0
2020-11-14,0.0351345523283271,0.2641955414155905,3341609.0
2020-11-15,0.0329390836646133,0.2817835246612151,3424942.0
2020-11-16,0.0835045445040283,0.2806892571489279,3629902.0
2020-11-17,0.0644629728887484,0.2733650230136801,3566213.0
2020-11-18,0.0620952514386465,0.2658664953654756,3649808.0
2020-11-19,0.0713933830730503,0.2694492884809686,3593689.0
2020-11-20,0.0660996089515728,0.2654251015814672,3467627.0
2020-11-21,0.0476887961050716,0.2735840463654275,3302059.0
2020-11-22,0.0384190612264855,0.2747958858483056,3072344.0
2020-11-23,0.0602443008127606,0.2718628580667974,3405513.0
2020-11-24,0.0544018774913804,0.2707126450613513,3172136.0
2020-11-25,0.0603785560414905,0.2691179913582999,3084475.0
2020-11-26,0.0643767571210549,0.2662824662867578,2853608.0
2020-11-27,0.050437349663883,0.2682963798167389,2463578.0
2020-11-28,0.0377796236076528,0.2700065226705619,2437566.0
2020-11-29,0.0390039034128162,0.2623214818652734,2570601.0
2020-11-30,0.0564920939856491,0.2666732708260704,3144302.0
2020-12-01,0.0363630468894797,0.2687948231016929,2892121.0
2020-12-02,0.059787286591092,0.2660461655988342,3255342.0
2020-12-03,0.0658886876735253,0.2656583209863295,3398579.0
2020-12-04,0.0637481833611887,0.2653320581361696,3107132.0
2020-12-05,0.0525042817408554,0.2624516496284667,2732602.0
2020-12-06,0.0520927402145218,0.2585448250337517,6460437.0
2020-12-07,0.0520927402145218,0.2585448250337517,6460437.0
2020-12-08,0.0661213245570146,0.2602491146515435,3653032.0
2020-12-09,0.0501624886823315,0.2577793007904971,3404086.0
2020-12-10,0.0565989456953538,0.2607165026894803,2875149.0
2020-12-11,0.0583411373234759,0.2551872687434746,3190245.0
2020-12-12,0.0688910280310204,0.267264044220644,2590126.0
2020-12-13,0.069871411995233,0.2607520752667385,2874190.0
2020-12-14,0.0732654237738852,0.2639526682567613,3278255.0
2020-12-15,0.070850093389673,0.2729844485028202,3292085.0
2020-12-16,0.0463915631461246,0.2673933203543317,3513604.0
2020-12-17,0.0566576694482465,0.2629560114518475,3705804.0
2020-12-18,0.0662206612559985,0.2704998780999058,3727941.0
2020-12-19,0.051183428108288,0.2596574012435936,3172974.0
2020-12-20,0.0501213233963683,0.2560176183326828,4071775.0
2020-12-21,0.050918307684004,0.2584170385101031,3974884.0
2020-12-22,0.0517153635659481,0.2671171024082948,3936226.0
2020-12-23,0.0594503398809043,0.2666489331377006,3541732.0
2020-12-24,0.0501319290949315,0.2847380027500968,2622020.0
2020-12-25,0.053754948360228,0.2648003680749936,1767511.0
2020-12-26,0.0523608115604876,0.2675557746136475,2466204.0
2020-12-27,0.0448041869788081,0.2863178414172503,2769961.0
2020-12-28,0.043719225278139,0.2713012715448795,3902378.0
2020-12-29,0.0488800319580433,0.2606108153956835,3683098.0
2020-12-30,0.0546271375805295,0.2631073197733057,3977023.0
2020-12-31,0.0711231030400025,0.2655287020282238,3528057.0
2021-01-01,0.0588840473618149,0.2568660257771231,3038662.0
2021-01-02,0.0380519907397618,0.2681859933113344,3250694.0
2021-01-03,0.0541586454137668,0.2735485894545469,3501229.0
2021-01-04,0.0399146934331263,0.2766951065904939,3727421.0
2021-01-05,0.0508626312323127,0.2601479100176592,3917006.0
2021-01-06,0.0419897837755694,0.2570511811090231,3522571.0
2021-01-07,0.0465483336085712,0.2617504303568975,2801003.0
2021-01-08,0.0573319764890313,0.2663038927047226,2975849.0
2021-01-09,0.0573319764890313,0.2663038927047226,2975849.0
2021-01-10,0.0571994123704463,0.2648009641331986,2542852.0
2021-01-11,0.0572412900168722,0.2657595521375657,3156856.0
2021-01-12,0.0485947972496987,0.2743777814519578,3512165.0
2021-01-13,0.0304845086667046,0.2911539430158212,2855503.0
2021-01-14,0.0461097155425346,0.2760445940479478,3613526.0
2021-01-15,0.0520695553696659,0.2695549271630014,3408359.0
2021-01-16,0.0656593396076302,0.2595723567581692,3348871.0
2021-01-17,0.0488585532264753,0.2647157758814711,2764179.0
2021-01-18,0.0764519063242242,0.2965459613959041,3099138.0
2021-01-19,0.0590625004258621,0.2649337100253985,3209091.0
2021-01-20,0.0654764127489551,0.2606359109007206,2565068.0
2021-01-21,0.0639543104763007,0.2546994050646563,3284309.0
2021-01-22,0.0678784434685334,0.2651250407453312,3145448.0
2021-01-23,0.0693712153908593,0.2584827426338978,3031831.0
2021-01-24,0.0689541100500538,0.2526020857053219,3146166.0
2021-01-25,0.0633194318893734,0.2601460419559272,2829646.0
2021-01-26,0.0530212188634319,0.2678318745456619,3410745.0
2021-01-27,0.0559740135386211,0.2565843143169538,3215574.0
2021-01-28,0.0777677679530302,0.254765210115441,2968589.0
2021-01-29,0.0853404669617416,0.269170144006963,3019460.0
2021-01-30,0.0648681211353155,0.2694823773739402,2900875.0
2021-01-31,0.0613632010486407,0.2446614724455902,2868843.0
2021-02-01,0.0681933983328074,0.2544755283144493,2956475.0
2021-02-02,0.0564231160167532,0.2568241945689357,3116415.0
2021-02-03,0.0717110566533425,0.2665472219874653,2915095.0
2021-02-04,0.067832142579384,0.2609799586236628,2576055.0
2021-02-05,0.0723400627916136,0.2553615739656717,2496120.0
2021-02-06,0.0561857833727937,0.2635127600964589,2231704.0
2021-02-07,0.0525045008493606,0.2697394268221632,2478071.0
2021-02-08,0.0750171810059714,0.2585877204663423,2631475.0
2021-02-09,0.071574355174096,0.258262195301113,2556548.0
2021-02-10,0.0687458040943533,0.2639446298235646,2666021.0
2021-02-11,0.0609605649469329,0.2619482996200985,2495590.0
2021-02-12,0.0752444791986368,0.2646249821546449,2569535.0
2021-02-13,0.0565215247814781,0.257790860781983,2008834.0
2021-02-14,0.069531608217563,0.2679318804537607,1873301.0
2021-02-15,0.0632283564658731,0.257431011974616,2461123.0
2021-02-16,0.0587288264624835,0.2685334142020316,2537242.0
2021-02-17,0.0399460984115871,0.2632929826959366,2656607.0
2021-02-18,0.0624904696048766,0.269699469303898,2442221.0
2021-02-19,0.0730586291230969,0.2657959974127731,2323399.0
2021-02-20,0.0587444229328392,0.2623379817740278,1959267.0
2021-02-21,0.0625750287838883,0.2558837750656528,2161601.0
2021-02-22,0.0651155949402761,0.2655325909341717,2905423.0
2021-02-23,0.0637155946340857,0.2692000739423204,2918788.0
2021-02-24,0.0615525693463983,0.2593967883743333,2772135.0
2021-02-25,0.0530741266424409,0.2594104867458158,2662233.0
2021-02-26,0.0484601143617632,0.2571239969403632,2544887.0
2021-02-27,0.0468802190426273,0.2638212407849207,2236001.0
2021-02-28,0.0774274593088828,0.2677312174857153,2145457.0
2021-03-01,0.0787505698773866,0.2570458326435155,2513558.0
2021-03-02,0.0579665379766004,0.2646444549011792,2984593.0
2021-03-03,0.0566047270619878,0.2635418067070613,3028796.0
2021-03-04,0.0575984683989153,0.2574628188007554,2824415.0
2021-03-05,0.0731915443367944,0.2548957325395493,2768332.0
2021-03-06,0.0624824314731158,0.2585336056932334,2406706.0
2021-03-07,0.05544155062145,0.2699379266298713,2249733.0
2021-03-08,0.0671422393961181,0.2820890613412451,2206490.0
2021-03-09,0.0566667135658693,0.2758209090047694,2310802.0
2021-03-10,0.0803727975130864,0.2767829553527124,2829317.0
2021-03-11,0.0705368294860096,0.2601111260275643,3122284.0
2021-03-12,0.0605441295329665,0.2557201711815871,2782982.0
2021-03-13,0.0543800920058351,0.2585623092495209,2092834.0
2021-03-14,0.0642592431181685,0.2614653164687473,2249082.0
2021-03-15,0.0661379736417001,0.2529537577907488,2528090.0
2021-03-16,0.0599472056340037,0.2508985537201021,2587367.0
2021-03-17,0.0388035734949752,0.2701215521486723,2558837.0
2021-03-18,0.0517847122800504,0.2580572279340161,2505267.0
2021-03-19,0.0601639765576542,0.2633275921769999,2341284.0
2021-03-20,0.0681421541341767,0.2771611312384822,2357985.0
2021-03-21,0.0630385686242688,0.2737184867962247,2358661.0
2021-03-22,0.0655122053448031,0.2590409013998535,2635541.0
2021-03-23,0.0609944197309243,0.2532086271886584,2612589.0
2021-03-24,0.0625228815338356,0.2586849483938884,2488061.0
2021-03-25,0.0567302870639611,0.2558715065033422,2430832.0
2021-03-26,0.06228780841257,0.2515679469556568,2265944.0
2021-03-27,0.0588819680482112,0.2616284129128776,1926796.0
2021-03-28,0.0617434615144728,0.2565298747327496,1999110.0
2021-03-29,0.0671112628234777,0.2514318592506759,2914413.0
2021-03-30,0.0557919556386653,0.2569525223904547,3011381.0
2021-03-31,0.0623549263344742,0.2501835833831147,2729870.0
2021-04-01,0.0544844316166814,0.2545596223886263,2473863.0
2021-04-02,0.0641177387004384,0.2554935610407911,2324899.0
2021-04-03,0.0710742714247148,0.2620585263410392,2157365.0
2021-04-04,0.0655039744699973,0.2624414804135497,2043719.0
2021-04-05,0.0787703666656938,0.2950821703076181,2879012.0
2021-04-06,0.0571061392273808,0.2541848423070816,3187888.0
2021-04-07,0.0618458171705897,0.2629381063666464,3044808.0
2021-04-08,0.0508635949062721,0.2676650194254578,2993795.0
2021-04-09,0.0654542298559681,0.2537448897571974,2517334.0
2021-04-10,0.0532810107710202,0.2627250754466461,2241700.0
2021-04-11,0.0641270813122174,0.2740375035365144,2409810.0
2021-04-12,0.0604387531369878,0.2606837997374808,2812947.0
2021-04-13,0.066788694749445,0.259812684232702,3850249.0
2021-04-14,0.0597654371143554,0.2607814621832806,2163860.0
2021-04-15,0.0655502829164109,0.2607234430022285,2469813.0
2021-04-16,0.0720294583418287,0.2641311172757894,2846397.0
2021-04-17,0.0720294583418287,0.2641311172757894,2846397.0
2021-04-18,0.0549371714609708,0.2535922388099885,3130544.0
2021-04-19,0.0637197468789196,0.2604509746066376,3244223.0
2021-04-20,0.0523404293143151,0.2574243473911878,3146119.0
2021-04-21,0.0629711644464573,0.2529804466177956,3062845.0
2021-04-22,0.0504494056253092,0.2659926968210198,3302982.0
2021-04-23,0.0613318079202982,0.260465111518289,3374543.0
2021-04-24,0.0532090591918163,0.2586425029975255,3565350.0
2021-04-25,0.0512955134871585,0.2567729013964772,3628888.0
2021-04-26,0.0598239163323434,0.2506843444686307,3780245.0
2021-04-27,0.0572639201868526,0.2535643819909495,3643677.0
2021-04-28,0.0647756482417886,0.2600357117603399,3590871.0
2021-04-29,0.0576634340397419,0.2551772208747063,4774322.0
2021-04-30,0.0642593647494297,0.25976152105619,2319453.0
2021-05-01,0.0632840515980674,0.255040914239985,2641628.0
2021-05-02,0.0654170575222437,0.2615166677443632,2677861.0
2021-05-03,0.0585240418177881,0.2612768116264469,3186034.0
2021-05-04,0.0543131468692069,0.2562337263256464,3308235.0
2021-05-05,0.0679544970018431,0.2579910514047224,3256865.0
2021-05-06,0.0653808585124471,0.2613397173229871,3149400.0
2021-05-07,0.0682540026210197,0.2521136981098451,2910460.0
2021-05-08,0.0679274430909171,0.2509942482376084,2615164.0
2021-05-09,0.0627439975315635,0.2558160400552087,2317867.0
2021-05-10,0.0666610335732889,0.2500586197967138,3272827.0
2021-05-11,0.0592632293850252,0.2522654923507063,3030226.0
2021-05-12,0.0641686015597387,0.251654094817772,2963495.0
2021-05-13,0.0618990039941431,0.2567564680537761,3454177.0
2021-05-14,0.0680296629480462,0.2529598832009747,3062776.0
2021-05-15,0.0612894410080855,0.2530104261367015,2672511.0
2021-05-16,0.0637846359029493,0.2553092408798721,2456088.0
2021-05-17,0.0591587928967819,0.2566407830594857,2940827.0
2021-05-18,0.0569916806625091,0.2604219879522587,2990851.0
2021-05-19,0.0589334501295277,0.2651798508319629,2682664.0
2021-05-20,0.0533563766208226,0.2643837273210814,2676393.0
2021-05-21,0.0630307367736775,0.2587309594641213,2264112.0
2021-05-22,0.0576072528550513,0.2585795584693948,2273897.0
2021-05-23,0.0610282905073377,0.2600245766109579,2511727.0
2021-05-24,0.0609586008988166,0.2550636690866682,2746423.0
2021-05-25,0.0689835108381496,0.2540839225804271,2600636.0
2021-05-26,0.0524774979849848,0.2512998970318472,2914018.0
2021-05-27,0.050704125249527,0.2707239457568863,2767546.0
2021-05-28,0.0665245310564709,0.2463036365672781,2591490.0
2021-05-29,0.0737794177327812,0.2679860368962946,2430091.0
2021-05-30,0.064812562487274,0.2632744088397865,2216272.0
2021-05-31,0.0696666511831242,0.2539538578895433,2148894.0
2021-06-01,0.0627633132575039,0.2494002169612623,2263802.0
2021-06-02,0.0571754084760041,0.2489161209669186,2466702.0
2021-06-03,0.0684157561993331,0.2526131817476911,2228357.0
2021-06-04,0.0600774688809543,0.2530502109306465,2230290.0
2021-06-05,0.0620755657176292,0.2582887710770195,1696341.0
2021-06-06,0.059476895878882,0.2472307097627117,1730992.0
2021-06-07,0.0698461983908712,0.2495517903325781,2216828.0
2021-06-08,0.0728123354175754,0.2601091572873537,1964917.0
2021-06-09,0.0607347620063059,0.259510731837216,2115721.0
2021-06-10,0.0625228758013655,0.260586461221488,2195729.0
2021-06-11,0.0610242765860344,0.2548254204861083,1974182.0
2021-06-12,0.059562668121509,0.2445245003713436,1644625.0
2021-06-13,0.0354372225806635,0.2552892427598862,1825748.0
2021-06-14,0.052993887843374,0.2641311043672011,1993867.0
2021-06-15,0.0595479060641978,0.2553915750024169,1998621.0
2021-06-16,0.0605323738301528,0.2561574441219686,1911098.0
2021-06-17,0.0668241337948662,0.259477682641106,1720542.0
2021-06-18,0.0567748123034461,0.263657593085354,1776114.0
2021-06-19,0.0586269586682951,0.2663767966524796,1535961.0
2021-06-20,0.0595547687374289,0.2578359268196107,1494594.0
2021-06-21,0.0594730504364411,0.2459939003716309,2082099.0
2021-06-22,0.0655408020674779,0.2564252788409882,2020537.0
2021-06-23,0.0584175304366326,0.2634675404365554,1899583.0
2021-06-24,0.0686749119086157,0.260383814176831,1826716.0
2021-06-25,0.056951577108848,0.2627416848710585,1911966.0
2021-06-26,0.048781965140959,0.2606715974858191,1736779.0
2021-06-27,0.0509391912313685,0.2641877459328312,1790828.0
2021-06-28,0.0583860975779346,0.2566171743808905,2087599.0
2021-06-29,0.0586375277502095,0.2621479201725075,1979692.0
2021-06-30,0.0611901059020143,0.2607529243974763,1877918.0
2021-07-01,0.060906542228086,0.2672854225372325,1743817.0
2021-07-02,0.0567969215585821,0.255461943680652,1635985.0
2021-07-03,0.060429743452047,0.2516554628625727,1394830.0
2021-07-04,0.058389959889433,0.2501358953674014,1533309.0
2021-07-05,0.0541511966442389,0.2590799363636774,2092808.0
2021-07-06,0.056529339694203,0.2563605835002593,2286009.0
2021-07-07,0.0496781383295413,0.2526337481919948,2212384.0
2021-07-08,0.0510161287549724,0.2483606856159473,2276751.0
2021-07-09,0.0561822564890791,0.2587281561014371,2248948.0
2021-07-10,0.0379266953828251,0.2428301260995471,2287425.0
2021-07-11,0.0340794230939507,0.2474764994446023,2564105.0
2021-07-12,0.0439871342857248,0.2514804615013157,2491841.0
2021-07-13,0.0422955282681346,0.2507189363434906,2562066.0
2021-07-14,0.0478669720477205,0.2533281137529323,2488859.0
2021-07-15,0.0498361663663178,0.2512566895738177,2544660.0
2021-07-16,0.0487772872055639,0.2563859405618998,2836827.0
2021-07-17,0.0528179663053663,0.2478493503414078,3015929.0
2021-07-18,0.046105381700697,0.250990175841505,2834000.0
2021-07-19,0.0499506629596516,0.259179498852955,3252210.0
2021-07-20,0.0482201390427695,0.2662545584678303,3209181.0
2021-07-21,0.0495048750685803,0.2523403615958625,3172117.0
2021-07-22,0.0452173843930016,0.2563923158140491,3142297.0
2021-07-23,0.0548293342784585,0.2591383291190217,3006046.0
2021-07-24,0.0456123144317245,0.2659350334394447,2767396.0
2021-07-25,0.0457168896825325,0.2767876474335213,2516341.0
2021-07-26,0.055823322590902,0.2635934708979958,2764919.0
2021-07-27,0.0447278280905889,0.256065076398288,2943875.0
2021-07-28,0.0433102674464441,0.2539918998375139,3223114.0
2021-07-29,0.0451043297975538,0.2509768280438789,3363142.0
2021-07-30,0.0453289684557813,0.2571815843025579,3394472.0
2021-07-31,0.0379984625160902,0.2677537399605747,2966261.0
2021-08-01,0.0434875781070647,0.2572360999799412,2798436.0
2021-08-02,0.053541045614254,0.2654764448839628,3151448.0
2021-08-03,0.058161210280384,0.25255295554794,3167497.0
2021-08-04,0.0502680802328262,0.2602607490328719,3449161.0
2021-08-05,0.0466413750066429,0.2555763456425465,3525523.0
2021-08-06,0.0550707467800791,0.2562223186433409,3171987.0
2021-08-07,0.0374651243777859,0.2799989885233188,2919025.0
2021-08-08,0.055590176010741,0.2661847369103976,2876574.0
2021-08-09,0.0499864066950257,0.262646407025818,3338338.0
2021-08-10,0.0587737961876149,0.2700831899831595,3279238.0
2021-08-11,0.0422409814196402,0.2757727684894872,3342272.0
2021-08-12,0.0375866287132143,0.2707916146866174,3385156.0
2021-08-13,0.0427460918971134,0.2621196613386866,3053259.0
2021-08-14,0.0474322989481101,0.2635222781151816,2544446.0
2021-08-15,0.0441659630613543,0.2594155012323822,2100263.0
2021-08-16,0.0492251048212513,0.2571009164159383,2184974.0
2021-08-17,0.0623164954654326,0.2586762563790718,2816241.0
2021-08-18,0.0613636687253375,0.2524384004260961,2953666.0
2021-08-19,0.0493154394953247,0.2593267629991895,2957709.0
2021-08-20,0.0464197759947526,0.2536047306686963,2922324.0
2021-08-21,0.0387388389907032,0.2627184458209646,3337045.0
2021-08-22,0.048239261464044,0.2708066609095115,1958737.0
2021-08-23,0.0612178666811216,0.2598003296638574,3258977.0
2021-08-24,0.0567120505090253,0.2528209087020714,3096587.0
2021-08-25,0.055404211069016,0.2533721194438464,3008014.0
2021-08-26,0.05713909836701,0.261013860609478,2724974.0
2021-08-27,0.0568031168467306,0.2591337375225124,2817496.0
2021-08-28,0.0624780764574735,0.2706083269863092,2493586.0
2021-08-29,0.054689976533091,0.2576594594402314,2335182.0
2021-08-30,0.0534995514656568,0.2565058069547324,2656139.0
2021-08-31,0.0616925257313886,0.2632260330074215,2444480.0
2021-09-01,0.0562773241336728,0.2670331471048481,2763624.0
2021-09-02,0.0406199711515145,0.2737400541252223,2938858.0
2021-09-03,0.0545723048939559,0.2630661321259356,2405033.0
2021-09-04,0.0469290688159219,0.275536902071356,2234971.0
2021-09-05,0.0504358816739276,0.2620676027745101,2240358.0
2021-09-06,0.061628244930235,0.2603844468054649,2147731.0
2021-09-07,0.0583466368562213,0.2530449355884253,2618317.0
2021-09-08,0.0594723284496817,0.2633914515263489,2420003.0
2021-09-09,0.0566036201337556,0.2615722599560264,3199346.0
2021-09-10,0.059856483127066,0.2676443756292905,3674509.0
2021-09-11,0.0600378237766758,0.2530664862341761,2437246.0
2021-09-12,0.0635968878855729,0.2642934087819105,2273389.0
2021-09-13,0.0588255058037616,0.2691315120253542,3116987.0
2021-09-14,0.0599557255217977,0.2565682524959998,2904091.0
2021-09-15,0.0556007203695877,0.2621428401195834,2627401.0
2021-09-16,0.0462267346734117,0.2585501729237845,2717695.0
2021-09-17,0.0461682788293029,0.2656310410146469,2706436.0
2021-09-18,0.0487191902387991,0.2500194083470943,2241235.0
2021-09-19,0.041946759546251,0.2655639792008074,2290977.0
2021-09-20,0.0754447210599621,0.2703029486684948,2790068.0
2021-09-21,0.0606629436851256,0.2648253348170339,2241524.0
2021-09-22,0.0609334369718631,0.2693227674903083,2323202.0
2021-09-23,0.0568920161630497,0.2646324904519247,2241688.0
2021-09-24,0.0654614368420629,0.2647557007839813,2059018.0
2021-09-25,0.0526796440891816,0.2632533173262525,1647906.0
2021-09-26,0.0579041029804563,0.2610636657219504,1604295.0
2021-09-27,0.0543818675901467,0.2617207567703749,2365010.0
2021-09-28,0.0522824618908911,0.2558328271405951,2381940.0
2021-09-29,0.0513528956510953,0.2545105634538248,2343125.0
2021-09-30,0.0450188318133633,0.2501782657086557,2038891.0
2021-10-01,0.0545391831876566,0.2593801435817794,1908122.0
2021-10-02,0.0500794462737463,0.2650569874028179,2108962.0
2021-10-03,0.0545316144196779,0.2578820484831134,1739268.0
2021-10-04,0.0651201701087016,0.2533047845184667,1909160.0
2021-10-05,0.0545865182461636,0.2516526714176736,2148267.0
2021-10-06,0.05859687894313,0.2530522892172283,2075883.0
2021-10-07,0.0684157863983675,0.2556744631650567,2338335.0
2021-10-08,0.0722639876579938,0.2781378924265328,1411691.0
2021-10-09,0.0679889206938492,0.2680199357271431,1410813.0
2021-10-10,0.0539679032039798,0.2557036023289704,2031769.0
2021-10-11,0.0602308662995348,0.2546147434421033,1436411.0
2021-10-12,0.0525274816846984,0.2639078923366503,2647110.0
2021-10-13,0.0561579829791002,0.2585562746417238,2035278.0
2021-10-14,0.0532581251587829,0.2613996682994847,1947759.0
2021-10-15,0.0534965870983382,0.2563239639414826,1871896.0
2021-10-16,0.0516802071660939,0.2570176695157066,1508992.0
2021-10-17,0.0557372783298124,0.2641428806139809,1462011.0
2021-10-18,0.0543088205833519,0.2618384473086448,2283943.0
2021-10-19,0.0570477718026137,0.2679784753491098,2072206.0
2021-10-20,0.0582122716933311,0.2489228233760138,2125391.0
2021-10-21,0.0764150905543433,0.2579931803227151,2115625.0
2021-10-22,0.0730463597884071,0.2579181028166921,1732711.0
2021-10-23,0.0618788754136625,0.2592090206708934,1344116.0
2021-10-24,0.0607780504614857,0.2539062801853757,1444159.0
2021-10-25,0.0570455552745659,0.2538090709629369,1742861.0
2021-10-26,0.0646415442307908,0.2528123196865545,1731870.0
2021-10-27,0.0573346810171022,0.2536774869508316,1633324.0
2021-10-28,0.0552484405323006,0.2452934358124509,1584846.0
2021-10-29,0.0634432384706221,0.254002957813786,1493553.0
2021-10-30,0.0549689797713759,0.2645757147154661,1283017.0
2021-10-31,0.0577865047702837,0.2616414991229674,1380723.0
2021-11-01,0.060861548520517,0.2517007654395978,1599740.0
2021-11-02,0.0448020270827385,0.25898445202116,1571260.0
2021-11-03,0.0431368709772691,0.2838804647438698,1677029.0
2021-11-04,0.0563039551076789,0.2631878041845781,1878170.0
2021-11-05,0.0633613427187148,0.2620286421230934,1913096.0
2021-11-06,0.0547429895882471,0.2606029896956556,1557600.0
2021-11-07,0.0585677960391319,0.2600324869981614,1553389.0
2021-11-08,0.0552619916786951,0.2600825617260083,1795492.0
2021-11-09,0.0478446203622112,0.2522710235811287,1914876.0
2021-11-10,0.0552606228279951,0.2452839544665684,1610172.0
2021-11-11,0.0520200377535561,0.2484429892391082,1399270.0
2021-11-12,0.0501434861224098,0.2578974867221396,1657923.0
2021-11-13,0.0565869292485326,0.2656931576333976,1551456.0
2021-11-14,0.0512863938773783,0.2538705018986329,1583755.0
2021-11-15,0.0532403820116014,0.2577830154647363,1525700.0
2021-11-16,0.0572906636989373,0.2547607907899397,1679212.0
2021-11-17,0.0536474561796068,0.25296032575742,1719693.0
2021-11-18,0.0635689345347927,0.2555224057722306,1690502.0
2021-11-19,0.0570407647917182,0.269555671823829,1429612.0
2021-11-20,0.0531695400705376,0.269393344953093,1298008.0
2021-11-21,0.0557473711649493,0.261796698066104,1228588.0
2021-11-22,0.060887508360215,0.2614346998203509,1648181.0
2021-11-23,0.0533867281758488,0.2722524060623107,1499581.0
2021-11-24,0.0502653905422637,0.2649666838478173,1714186.0
2021-11-25,0.0629852441623401,0.2501825889843326,1456028.0
2021-11-26,0.0629551054580272,0.2415087573893483,2126407.0
2021-11-27,0.0522502549428064,0.2464876404761893,2311888.0
2021-11-28,0.0476370075688499,0.2531467193212369,2159034.0
2021-11-29,0.0548883374315831,0.2556334787912099,2183152.0
2021-11-30,0.0503547996909916,0.2562793988539355,2327641.0
2021-12-01,0.0496975607113523,0.2522514970647109,2521416.0
2021-12-02,0.0532124473853486,0.2556045413612883,2580070.0
2021-12-03,0.0368853244666022,0.2596005719832253,2190721.0
2021-12-04,0.0423345684381007,0.2689922262860038,1765155.0
2021-12-05,0.0441644425844775,0.2663518700943792,1812269.0
2021-12-06,0.0491453481980188,0.2617307032682729,1944412.0
2021-12-07,0.0517469605554908,0.2653730294011442,1938098.0
2021-12-08,0.0402012431959148,0.2531769259501931,2494995.0
2021-12-09,0.0460494282790471,0.2662600927390938,2065906.0
2021-12-10,0.050124196801644,0.2677561318737555,1698323.0
2021-12-11,0.0429495999789939,0.2565075973907413,1874247.0
2021-12-12,0.0535300201780967,0.2561573386472801,1806656.0
2021-12-13,0.0554632893784577,0.2574462245623488,2265673.0
2021-12-14,0.056909337500535,0.2554452861589516,2608509.0
2021-12-15,0.0574816212714364,0.2531423999191715,2722260.0
2021-12-16,0.0519691189872512,0.2539523059960459,2708552.0
2021-12-17,0.0537484741795194,0.251482474151793,2998241.0
2021-12-18,0.0488619883197889,0.248824492872899,3049959.0
2021-12-19,0.0493182609878154,0.2598399808324174,2932606.0
2021-12-20,0.0503374326275473,0.2535105042478946,3182274.0
2021-12-21,0.0459400384372173,0.2622196789421589,3227890.0
2021-12-22,0.0570024762500563,0.2665188561170927,3117951.0
2021-12-23,0.0466639023657946,0.2727817999862165,2802705.0
2021-12-24,0.0437049771898435,0.2698575218154128,2364394.0
2021-12-25,0.0400695446162438,0.2720874737164059,1733805.0
2021-12-26,0.0484717523933499,0.2558126423970279,2046472.0
2021-12-27,0.0474157129804812,0.262193661042043,2828641.0
2021-12-28,0.039849259784377,0.2531904750745306,3334155.0
2021-12-29,0.039769502083221,0.2578338539968304,3403732.0
2021-12-30,0.0480032532020237,0.2583437358421621,3467537.0
2021-12-31,0.063171360979838,0.2628152242773132,2949532.0
2022-01-01,0.057923019606206,0.2642754348794132,2263408.0
2022-01-02,0.0519716088604181,0.2616384518028349,2573288.0
2022-01-03,0.0487209050334342,0.2561464173122551,3001920.0
2022-01-04,0.0467465765654204,0.2515598733989743,3346576.0
2022-01-05,0.0458143541403159,0.251674204268082,3411574.0
2022-01-06,0.0445861149973524,0.2603721161102377,3029310.0
2022-01-07,0.0481345352412611,0.2640124572038329,3362467.0
2022-01-08,0.0460513160716527,0.2587765392534636,3115217.0
2022-01-09,0.0475966508136467,0.2611306116791756,2996023.0
2022-01-10,0.0457885191114389,0.260831165627601,3390261.0
2022-01-11,0.039280126486959,0.2599737437783581,3348707.0
2022-01-12,0.0437305183682107,0.2552808588336885,3230398.0
2022-01-13,0.0447069946186426,0.2651702610228032,3129431.0
2022-01-14,0.0513216527739651,0.2645415053141244,2802079.0
2022-01-15,0.0479775305850894,0.264047553446451,2280782.0
2022-01-16,0.0505858268958243,0.2537467639704949,2255273.0
2022-01-17,0.0445815891646795,0.2549473172986197,2276494.0
2022-01-18,0.0688676113692799,0.2682294647415977,2710592.0
2022-01-19,0.0720635180007479,0.2641196844847049,2916426.0
2022-01-20,0.0601364187432885,0.2526092872498729,2159107.0
2022-01-21,0.0537335198061004,0.260808780892672,2233715.0
2022-01-22,0.0472279323848687,0.2654251132219479,2113017.0
2022-01-23,0.0614476569984375,0.263519339468709,2023746.0
2022-01-24,0.0605007557501916,0.2599056706208785,2353432.0
2022-01-25,0.0525028612186009,0.2588918611594175,2357783.0
2022-01-26,0.0563487041118041,0.2586152156223463,2090226.0
2022-01-27,0.059573569649054,0.2638823883445956,2248885.0
2022-01-28,0.0565050727674144,0.25511113282996,2072883.0
2022-01-29,0.0556693023395751,0.2628081914182607,1797616.0
2022-01-30,0.0569723581961407,0.2706024908919215,1632216.0
2022-01-31,0.0570813558928733,0.2678796979492404,2279466.0
2022-02-01,0.0483300679961478,0.2559533056577465,2010791.0
2022-02-02,0.0537314351161956,0.2524429278339384,2054738.0
2022-02-03,0.0526524531139481,0.2515769434950534,1855601.0
2022-02-04,0.0459892050813404,0.2600782101127189,1757181.0
2022-02-05,0.0514938246930999,0.2517236674356529,1538817.0
2022-02-06,0.050681499588438,0.2694710851944277,1370623.0
2022-02-07,0.0588515901054073,0.263068634134263,1652990.0
2022-02-08,0.0578978704994202,0.2615909395664647,1845132.0
2022-02-09,0.048155011164363,0.2666155742298852,2001047.0
2022-02-10,0.0517920632718642,0.2572195430141414,1772138.0
2022-02-11,0.0514503571427273,0.2551432187778221,1693945.0
2022-02-12,0.0449238406843193,0.2483404120244912,1466190.0
2022-02-13,0.05214397979486,0.2454694266056151,1260344.0
2022-02-14,0.0593721030111367,0.2478653226567881,1429178.0
2022-02-15,0.0471049584573736,0.2540331571261404,1706704.0
2022-02-16,0.0524522373011225,0.2535989624788103,1501094.0
2022-02-17,0.0632200912782666,0.2648130066421994,1463302.0
2022-02-18,0.05138393045563,0.2566414021367075,1409014.0
2022-02-19,0.0481281758646761,0.2594561571864718,1056134.0
2022-02-20,0.0641704906785535,0.2608600982222276,1351595.0
2022-02-21,0.0505001062350203,0.2645045930315058,1586468.0
2022-02-22,0.0521335038000529,0.2574847484731855,1152122.0
2022-02-23,0.0477705382057677,0.2503229309392603,1298018.0
2022-02-24,0.0460857392817418,0.2444603446534486,1227673.0
2022-02-25,0.0657028939506521,0.2549922908762203,1003817.0
2022-02-26,0.0646822678110783,0.2596436373209004,832337.0
2022-02-27,0.0553801156388748,0.2371977694744381,948835.0
2022-02-28,0.0702463691655646,0.2534406597350595,1085424.0
2022-03-01,0.0766921310902986,0.2635865137837012,1252254.0
2022-03-02,0.0621240721794895,0.2623860175750268,1509612.0
2022-03-03,0.049686952565048,0.2606002728828595,1148066.0
2022-03-04,0.05169424588899,0.2529805669198358,1086331.0
2022-03-05,0.0581031818128934,0.2533512112344201,769398.0
2022-03-06,0.0620212237426314,0.260595102383694,841981.0
2022-03-07,0.0573966224855196,0.2634626321379332,1150447.0
2022-03-08,0.0558233927108189,0.257784001922525,1213991.0
2022-03-09,0.054629165073572,0.2521091217555312,1124163.0
2022-03-10,0.0626848089284111,0.2595060531644221,1033861.0
2022-03-11,0.0560219829746202,0.2499382230109695,1081704.0
2022-03-12,0.0382421162469796,0.254742629717089,862108.0
2022-03-13,0.0444594862011838,0.2622190662555693,955834.0
2022-03-14,0.0422914129801418,0.2610380760922106,1153878.0
2022-03-15,0.051702458483003,0.2618626559757158,1454042.0
2022-03-16,0.0506576061512994,0.2614540293482252,876675.0
2022-03-17,0.0563111383052034,0.2617729729825088,993804.0
2022-03-18,0.0561382159001777,0.2489794444119198,1003148.0
2022-03-19,0.0637090765633102,0.2529792413141245,873441.0
2022-03-20,0.052855836784898,0.2652378891425957,895294.0
2022-03-21,0.0506339154860574,0.2592931332389167,937907.0
2022-03-22,0.0564258912435261,0.2479698564899557,1116342.0
2022-03-23,0.0616458953289337,0.2455497183634612,1069015.0
2022-03-24,0.0520980100851591,0.2559974970844476,1061025.0
2022-03-25,0.0581574862857682,0.2610981349862301,876965.0
2022-03-26,0.0680033176456007,0.2573935399664948,814413.0
2022-03-27,0.0553143891950202,0.257105990697946,808591.0
2022-03-28,0.0704899139329754,0.2568478582557482,947812.0
2022-03-29,0.0574993818331211,0.2652823633750182,1231288.0
2022-03-30,0.0582553798710277,0.2629618206203858,1221280.0
2022-03-31,0.050730606885335,0.2611512319507741,934865.0
2022-04-01,0.0603973314911474,0.2647824410769598,879504.0
2022-04-02,0.0532312182256011,0.2968712838309711,893457.0
2022-04-03,0.0407368935689968,0.2696956403740288,955923.0
2022-04-04,0.0558203983176092,0.2887595309732723,952556.0
2022-04-05,0.0604711848614702,0.260380283489451,932282.0
2022-04-06,0.0690528347340938,0.2496863194012161,1010420.0
2022-04-07,0.0637768448105779,0.2589726468199826,1047292.0
2022-04-08,0.0473221017742697,0.2566960373558998,935860.0
2022-04-09,0.0583286457543126,0.249078259891952,904504.0
2022-04-10,0.052336964828334,0.2647346639047396,957397.0
2022-04-11,0.0482835556153934,0.2584810290820527,1074254.0
2022-04-12,0.0432242252470125,0.2706987019634755,1351312.0
2022-04-13,0.0288812414295866,0.2927509096899959,1195636.0
2022-04-14,0.0479450659565868,0.2651925457972829,1061116.0
2022-04-15,0.0497188281697401,0.2689807348156686,622089.0
2022-04-16,0.065231498371925,0.2609957721267837,655972.0
2022-04-17,0.0454632099717625,0.2605933158035156,695484.0
2022-04-18,0.0577404963604624,0.2646639233716031,887015.0
2022-04-19,0.0396449519448238,0.264714667436794,1387917.0
2022-04-20,0.0359207119784475,0.2830197630776498,1134417.0
2022-04-21,0.039613274735206,0.2628435951681545,961573.0
2022-04-22,0.0514832667530895,0.2545241546459159,862924.0
2022-04-23,0.0544696018875597,0.2599375529337152,711205.0
2022-04-24,0.05319250734395,0.2570102556066149,691898.0
2022-04-25,0.0590436420450548,0.2550941910045669,824321.0
2022-04-26,0.0607940562966694,0.2506209898625989,1039040.0
2022-04-27,0.0562974698781382,0.2457651858037075,1139530.0
2022-04-28,0.0550204082203079,0.2462861878172714,1009305.0
2022-04-29,0.056315485748172,0.2462135721365724,928562.0
2022-04-30,0.0517862533488915,0.2467112902153069,774914.0
2022-05-01,0.0203710728667768,0.2846909365898761,854740.0
2022-05-02,0.0444170737325162,0.2417053855861531,947982.0
2022-05-03,0.0527112445659354,0.2690987348779124,1195798.0
2022-05-04,0.0335009190766442,0.280171707076549,1230338.0
2022-05-05,0.0435829975699347,0.2708831813745333,1096269.0
2022-05-06,0.0357952459941555,0.2613480108397605,1025144.0
2022-05-07,0.0385155912939715,0.250663697213584,859563.0
2022-05-08,0.0556820939263915,0.2522815967788141,782216.0
2022-05-09,0.0512380570771978,0.2501301160005083,936849.0
2022-05-10,0.0472285468395797,0.254527392908679,951621.0
2022-05-11,0.0465234559694918,0.2539943004808426,936053.0
2022-05-12,0.0697920397990133,0.2698599988995587,1033609.0
2022-05-13,0.0541522620757359,0.263288799862509,1026560.0
2022-05-14,0.0599149139120013,0.2657824669414818,828377.0
2022-05-15,0.0526755330060928,0.2516357959385102,718283.0
2022-05-16,0.0548677379864921,0.2477865266033994,864460.0
2022-05-17,0.0616693711548023,0.256838900529688,930322.0
2022-05-18,0.0539896880784092,0.2544794671044656,911505.0
2022-05-19,0.0604189419253257,0.2538235718808331,971846.0
2022-05-20,0.0518825496088349,0.2513045394587626,915993.0
2022-05-21,0.0466126295017933,0.2450222471295576,782493.0
2022-05-22,0.0618907649189915,0.2466725099562452,777506.0
2022-05-23,0.0503996543553635,0.2574407110933359,1031958.0
2022-05-24,0.0564658244929834,0.2485237468179742,936244.0
2022-05-25,0.0595819912379831,0.257691750422833,939979.0
2022-05-26,0.0543107011745821,0.2571014101099396,829480.0
2022-05-27,0.0482257867164947,0.268414903638458,681360.0
2022-05-28,0.0442544714858752,0.2767113781283382,566967.0
2022-05-29,0.0492505448291224,0.2513490477998325,572457.0
2022-05-30,0.0572515538598147,0.2539580266205897,617007.0
2022-05-31,0.0550656346053975,0.252113134532234,671571.0
2022-06-01,0.0457704772561414,0.2558236481358928,689834.0
2022-06-02,0.0624158158310078,0.2549187692753381,809387.0
2022-06-03,0.0640307572066375,0.2435133976432826,802733.0
2022-06-04,0.0572201434619036,0.2551752017490379,636936.0
2022-06-05,0.0302410997184643,0.2649241115942897,691121.0
2022-06-06,0.0413317116787829,0.2725600920947039,1019777.0
2022-06-07,0.0468444907047984,0.2721991188452667,802154.0
2022-06-08,0.0517755871677785,0.2683854111005759,750329.0
2022-06-09,0.054918435492711,0.2574252633581433,698062.0
2022-06-10,0.045944626413846,0.268171370961954,722675.0
2022-06-11,0.0414573895764812,0.2692992426706735,632710.0
2022-06-12,0.0369970024151929,0.2731273380658885,657000.0
2022-06-13,0.0591383403060223,0.2684739248514033,791437.0
2022-06-14,0.0646271179169211,0.2619727374891415,839976.0
2022-06-15,0.0562401578624391,0.2608067421445521,892825.0
2022-06-16,0.0640367111492203,0.2577894049075353,879603.0
2022-06-17,0.053572971452571,0.2541311767176463,840450.0
2022-06-18,0.0564675530357881,0.252104282179025,644627.0
2022-06-19,0.0653534368925657,0.262348642916254,644363.0
2022-06-20,0.0709905371074911,0.2568847480027538,750621.0
2022-06-21,0.0676397300739857,0.2520007062297141,860788.0
2022-06-22,0.0565830253218592,0.2601102006619914,881638.0
2022-06-23,0.0526261478045648,0.2488246492629348,860991.0
2022-06-24,0.0500451401469694,0.2550565211101131,803677.0
2022-06-25,0.042634592909764,0.247719853059572,662112.0
2022-06-26,0.0436280324279138,0.2500556760662159,594584.0
2022-06-27,0.0586293871169081,0.2515169108361321,642710.0
2022-06-28,0.0556301946568413,0.2615136984996767,676297.0
2022-06-29,0.0486887847085522,0.2777234244675456,911901.0
2022-06-30,0.0461959478834508,0.270124441868642,698986.0
2022-07-01,0.0677831408186161,0.2713208127632913,786575.0
2022-07-02,0.0507136145429456,0.2779297349083933,678182.0
2022-07-03,0.0441031684967905,0.2811376981208027,710717.0
2022-07-04,0.0385776665144372,0.2638474700537345,679277.0
2022-07-05,0.0331684007663939,0.2635423304075106,820978.0
2022-07-06,0.048266386782231,0.2699517342822112,905057.0
2022-07-07,0.0392774641589163,0.2780442733444083,914388.0
2022-07-08,0.0484958955453332,0.2548569466796133,886670.0
2022-07-09,0.0562392612366472,0.2583856780701002,683981.0
2022-07-10,0.0521249480517797,0.2553521938772829,672820.0
2022-07-11,0.0595241039412502,0.2501231814954768,821572.0
2022-07-12,0.0452070470215016,0.258517781946149,908829.0
2022-07-13,0.0424234964151305,0.2626059493281422,1015808.0
2022-07-14,0.0552820135117927,0.2529911831895495,905634.0
2022-07-15,0.0427845775112216,0.2656978492274996,807344.0
2022-07-16,0.0636848617571051,0.2580897857836471,688810.0
2022-07-17,0.0631363481986608,0.258886854920362,739433.0
2022-07-18,0.043937997909217,0.2508940573321202,865879.0
2022-07-19,0.0592985033687335,0.2615009618448436,846247.0
2022-07-20,0.0607647355149357,0.2507919659679234,869218.0
2022-07-21,0.0579830788131414,0.2501851143299037,1413399.0
2022-07-22,0.0559642714896958,0.2611997178015948,1019541.0
2022-07-23,0.0591230319370521,0.2533770144035587,720200.0
2022-07-24,0.0501935177584514,0.256531310752169,682079.0
2022-07-25,0.0468856952353617,0.2608164989444367,805074.0
2022-07-26,0.0525081606006284,0.2585156527457762,897913.0
2022-07-27,0.0385683784984853,0.2489988541753104,826308.0
2022-07-28,0.0441412269815413,0.2506666349411028,869574.0
2022-07-29,0.048581134672726,0.2404532784036001,777573.0
2022-07-30,0.0557981245079411,0.24843956221927,804010.0
2022-07-31,0.0474345080641817,0.2679189147070582,796388.0
2022-08-01,0.0317716273304997,0.2598749567088235,822397.0
2022-08-02,0.0456776289954536,0.2598358429927316,789297.0
2022-08-03,0.0494666949518801,0.2528050735455782,666986.0
2022-08-04,0.0513782043537533,0.248740371731066,635797.0
2022-08-05,0.0458902731500002,0.2450578463881279,801061.0
2022-08-06,0.0408726959466846,0.2485628474376487,637663.0
2022-08-07,0.0456552048286229,0.2594369564432088,628780.0
2022-08-08,0.0533909863337821,0.2714368154228897,650378.0
2022-08-09,0.0548955553683744,0.2633501719211756,575811.0
2022-08-10,0.0560898587273491,0.2510011441562825,634418.0
2022-08-11,0.0593078282352708,0.2456033863171122,655064.0
2022-08-12,0.0516423397679897,0.2552086987728219,728319.0
2022-08-13,0.0502737916260049,0.2685494515574246,611197.0
2022-08-14,0.0417937884959537,0.2623554187442386,520366.0
2022-08-15,0.0609548407217459,0.2644997774360827,653194.0
2022-08-16,0.063039507202162,0.2655934178895014,696690.0
2022-08-17,0.0480491379986771,0.252609256887448,709587.0
2022-08-18,0.0414931971657642,0.2579646836369876,763492.0
2022-08-19,0.05581039741649,0.2557999698748546,711479.0
2022-08-20,0.0627655068360912,0.2542411499730201,622231.0
2022-08-21,0.0571812023244108,0.2442839460032111,535073.0
2022-08-22,0.0505343649570089,0.2438774134979972,658728.0
2022-08-23,0.0495644893907436,0.2552039558369611,708675.0
2022-08-24,0.0532343082749496,0.2505474107093188,1140135.0
2022-08-25,0.0407844212750512,0.2489047959242273,456863.0
2022-08-26,0.0497328067322015,0.2576622817293481,858016.0
2022-08-27,0.0491270560867761,0.2547841351602201,407410.0
2022-08-28,0.0601801973617263,0.2501024396011805,552204.0
2022-08-29,0.0664474852870868,0.2581394704858407,646297.0
2022-08-30,0.0673021390889266,0.2570780762010354,749587.0
2022-08-31,0.0483918703042766,0.2515346783292396,701307.0
2022-09-01,0.0407237335417794,0.2560386468656656,759549.0
2022-09-02,0.0605249146063285,0.2495233551977306,644613.0
2022-09-03,0.0592739939101794,0.25338050659917,564893.0
2022-09-04,0.0530374222383439,0.250702893396396,583717.0
2022-09-05,0.0576828248330272,0.2530167324625984,603896.0
2022-09-06,0.0488023481428013,0.2488327069013413,673920.0
2022-09-07,0.0456590847897867,0.2602611099676468,683698.0
2022-09-08,0.0564002081217924,0.2529877797479384,607407.0
2022-09-09,0.0710858552048413,0.2563479322418937,568018.0
2022-09-10,0.0509482105494273,0.2438805768259911,503507.0
2022-09-11,0.0360213934790979,0.2537985261776495,464818.0
2022-09-12,0.0357609944331573,0.2629341183372863,621156.0
2022-09-13,0.0294953040647377,0.2690096459271638,654504.0
2022-09-14,0.0544579763649899,0.2586730086739577,617757.0
2022-09-15,0.057351027060844,0.2505917193665386,631269.0
2022-09-16,0.0504763199427447,0.2672892918504142,570205.0
2022-09-17,0.0493801623628862,0.2561340522696755,538688.0
2022-09-18,0.0442687335521918,0.2514896597531715,579756.0
2022-09-19,0.0438215170161758,0.2451280201838765,880543.0
2022-09-20,0.043016802661135,0.2592260708772712,778935.0
2022-09-21,0.0454481835867379,0.2443906184346926,788694.0
2022-09-22,0.0464092678955775,0.247748245429416,628849.0
2022-09-23,0.0592207550289637,0.2563721788214675,589120.0
2022-09-24,0.0549659407087556,0.2669504536524139,562912.0
2022-09-25,0.0465991333011463,0.2824350511522713,592831.0
2022-09-26,0.0488481018748819,0.25964756154592694,1344472.0
2022-09-27,0.0488481018748819,0.25964756154592694,1344472.0
2022-09-28,0.0575501507328839,0.2474002682178293,638618.0
2022-09-29,0.0648220994286903,0.2567837816434952,602663.0
2022-09-30,0.0547062166428253,0.262011145197573,660993.0
2022-10-01,0.0560958718212577,0.2573478012420073,584522.0
2022-10-02,0.0550914857228444,0.2569678770325013,576846.0
2022-10-03,0.0564338448143439,0.2595252921262689,654699.0
2022-10-04,0.0548931132108757,0.2555616117055276,574428.0
2022-10-05,0.0452624370330764,0.252026886173026,676145.0
2022-10-06,0.0484651689015327,0.2618053787196878,576889.0
2022-10-07,0.061726737581796,0.2600820336188227,620876.0
2022-10-08,0.0471830092658199,0.249284142897668,640932.0
2022-10-09,0.0565046028158014,0.2395430131115377,657337.0
2022-10-10,0.0561114750786984,0.2399787030631107,589761.0
2022-10-11,0.0319079536865665,0.237287521011774,848355.0
2022-10-12,0.0428486118379562,0.2583759407907189,1178565.0
2022-10-13,0.0521335320957652,0.2604085569136365,874958.0
2022-10-14,0.0437191612383936,0.2615634252198392,706798.0
2022-10-15,0.042311699721495,0.2614484768195534,620669.0
2022-10-16,0.0434916934497577,0.2670749595957886,581908.0
2022-10-17,0.0428731274427565,0.2668395909492326,741154.0
2022-10-18,0.0547058554378295,0.2677151856554158,938271.0
2022-10-19,0.0320115742552883,0.2567096360082248,726975.0
2022-10-20,0.0198007634933062,0.2650746065285129,1037139.0
2022-10-21,0.0471628801181326,0.2514930038603095,725518.0
2022-10-22,0.04315935975451575,0.26074184778388787,1323948.0
2022-10-23,0.04315935975451575,0.26074184778388787,1323948.0
2022-10-24,0.0568998513284609,0.2591014532170086,708428.0
2022-10-25,0.0538238843005796,0.2478517979001585,1082596.0
2022-10-26,0.0382713879222596,0.254097242935809,599103.0
2022-10-27,0.0368781987653384,0.2554035927680362,652634.0
2022-10-28,0.0540519558691874,0.2594163384683918,842394.0
2022-10-29,0.0559193646269875,0.2584798051791699,704836.0
2022-10-30,0.0515647806292991,0.2550769102164522,622664.0
2022-10-31,0.0441218011569332,0.2725520955025847,819619.0
2022-11-01,0.0307963121065695,0.2650318910111551,979944.0
2022-11-02,0.0352118866607855,0.270361046795409,875989.0
2022-11-03,0.0407556062351374,0.2666023749792997,760302.0
2022-11-04,0.0409704183876056,0.2511896053277981,692845.0
2022-11-05,0.0430936284803621,0.2510716262246974,621280.0
2022-11-06,0.0456674440563987,0.2718230425483044,676646.0
2022-11-07,0.0371953204503247,0.2505473438405581,743537.0
2022-11-08,0.0523181581130291,0.2562335293320331,695386.0
2022-11-09,0.0558006011803938,0.2770840271112677,677408.0
2022-11-10,0.0641220200613748,0.27864064303433,629081.0
2022-11-11,0.043128633601924,0.2680340357981704,617185.0
2022-11-12,0.0497672316825533,0.2556826240848441,597136.0
2022-11-13,0.0562327367000585,0.2699462658331406,590519.0
2022-11-14,0.0498618526602951,0.2575362510570526,663291.0
2022-11-15,0.0559806672551999,0.2607966392552817,664427.0
2022-11-16,0.0488277108157765,0.2577592208987729,716499.0
2022-11-17,0.0502217217259051,0.2489190302420636,676365.0
2022-11-18,0.0643166819161921,0.2648986091123875,566184.0
2022-11-19,0.0578977114447817,0.2623210326013787,528869.0
2022-11-20,0.0559831615292172,0.2541843747362425,551638.0
2022-11-21,0.0506628659424346,0.2600801182923863,654102.0
2022-11-22,0.0520980281408247,0.2517579025924694,946096.0
2022-11-23,0.0505206797673416,0.2488447573418173,788527.0
2022-11-24,0.0549722507595624,0.2588703012848982,820826.0
2022-11-25,0.0540837908114054,0.2458065117134755,705406.0
2022-11-26,0.0423358760624502,0.2536003724545136,699722.0
2022-11-27,0.0378838283292148,0.2604162870642585,1043751.0
2022-11-28,0.025465743951352,0.2572866532274226,1024130.0
2022-11-29,0.0381730076575887,0.2535202055056959,935028.0
2022-11-30,0.0436642109429839,0.2656167248807919,915608.0
2022-12-01,0.0414676714960989,0.2757493703883985,849413.0
2022-12-02,0.0471819748702439,0.2659033639485416,718503.0
2022-12-03,0.0351907930721745,0.2726651034474279,650877.0
2022-12-04,0.0525875923058253,0.2651055597559563,707326.0
2022-12-05,0.0438377838857561,0.2430675297570136,844212.0
2022-12-06,0.0422733615101547,0.2518935222812609,928456.0
2022-12-07,0.0300366656813006,0.2524412959177566,891190.0
2022-12-08,0.0352096397635065,0.2581164064024346,774614.0
2022-12-09,0.0648195565703769,0.2633489612011868,723264.0
2022-12-10,0.0499287784935301,0.2587580552003528,607761.0
2022-12-11,0.0290068245665366,0.2600842774843639,763121.0
2022-12-12,0.0392051833956081,0.2592686290475618,939829.0
2022-12-13,0.0631570295640755,0.2593544680185338,903261.0
