date,sentiment_mean,sentiment_volatility,tweet_volume,source_file
2021-11-25,0.06298524416234019,0.25018258898433265,1456028,corona_tweets_617.csv
2020-03-31,0.0481977261137066,0.2586796171119321,1029294,corona_tweets_13.csv
2021-03-21,0.06303856862426885,0.2737184867962247,2358661,corona_tweets_368.csv
2020-03-28,0.06749483541330317,0.295203456595616,1141210,corona_tweets_11.csv
2022-05-24,0.056465824492983444,0.24852374681797423,936244,corona_tweets_797.csv
2021-06-19,0.05862695866829512,0.26637679665247965,1535961,corona_tweets_458.csv
2022-09-06,0.04880234814280133,0.24883270690134138,673920,corona_tweets_902.csv
2020-07-31,0.05190740725869562,0.2715416524753028,3867434,corona_tweets_135.csv
2021-01-08,0.05733197648903134,0.2663038927047226,2975849,corona_tweets_296.csv
2021-01-21,0.06395431047630071,0.2546994050646563,3284309,corona_tweets_309.csv
2022-07-21,0.05798307881314147,0.25018511432990376,1413399,corona_tweets_855.csv
2020-03-26,0.04918818083308207,0.27353264495855933,1091429,corona_tweets_09.csv
2022-04-01,0.06039733149114748,0.2647824410769598,879504,corona_tweets_744.csv
2021-03-20,0.06814215413417671,0.27716113123848224,2357985,corona_tweets_367.csv
2022-09-14,0.054457976364989905,0.2586730086739577,617757,corona_tweets_910.csv
2022-09-21,0.045448183586737904,0.24439061843469265,788694,corona_tweets_917.csv
2020-08-17,0.053330751709980286,0.25712551834537045,3680958,corona_tweets_152.csv
2020-06-20,0.035908167819178285,0.25757324313277835,3610992,corona_tweets_94.csv
2021-12-23,0.046663902365794645,0.27278179998621654,2802705,corona_tweets_645.csv
2021-01-07,0.046548333608571295,0.26175043035689755,2801003,corona_tweets_295.csv
2022-05-27,0.04822578671649474,0.268414903638458,681360,corona_tweets_800.csv
2020-12-20,0.05012132339636836,0.2560176183326828,4071775,corona_tweets_277.csv
2021-09-16,0.046226734673411755,0.2585501729237845,2717695,corona_tweets_547.csv
2021-08-03,0.058161210280384026,0.25255295554794,3167497,corona_tweets_503.csv
2021-06-11,0.06102427658603449,0.2548254204861083,1974182,corona_tweets_450.csv
2022-01-21,0.05373351980610048,0.260808780892672,2233715,corona_tweets_674.csv
2021-05-17,0.05915879289678193,0.2566407830594857,2940827,corona_tweets_425.csv
2020-07-03,0.07847486835453407,0.2724209589244412,3446100,corona_tweets_107.csv
2020-08-24,0.060282434386122664,0.24845070944971223,3982835,corona_tweets_159.csv
2020-05-22,0.06665526724237292,0.257061243610756,3461470,corona_tweets_65.csv
2021-10-29,0.06344323847062214,0.254002957813786,1493553,corona_tweets_590.csv
2021-05-30,0.064812562487274,0.26327440883978653,2216272,corona_tweets_438.csv
2022-08-01,0.03177162733049975,0.25987495670882355,822397,corona_tweets_866.csv
2020-04-14,0.04374494165662726,0.2623155820436613,515739,corona_tweets_27.csv
2022-05-28,0.04425447148587525,0.2767113781283382,566967,corona_tweets_801.csv
2021-04-25,0.051295513487158564,0.2567729013964772,3628888,corona_tweets_403.csv
2020-03-21,0.027722252928164267,0.2829803241767618,1233340,corona_tweets_04.csv
2021-04-15,0.06555028291641096,0.2607234430022285,2469813,corona_tweets_393.csv
2020-05-27,0.06663371892917862,0.26953181876225835,3480999,corona_tweets_70.csv
2021-09-23,0.05689201616304979,0.2646324904519247,2241688,corona_tweets_554.csv
2021-02-11,0.06096056494693299,0.2619482996200985,2495590,corona_tweets_330.csv
2020-11-04,0.0641737088664301,0.26031815216865883,2415739,corona_tweets_231.csv
2022-09-28,0.0575501507328839,0.24740026821782934,638618,corona_tweets_924.csv
2022-05-08,0.05568209392639159,0.2522815967788141,782216,corona_tweets_781.csv
2021-11-18,0.06356893453479277,0.2555224057722306,1690502,corona_tweets_610.csv
2021-01-03,0.05415864541376684,0.27354858945454696,3501229,corona_tweets_291.csv
2021-11-14,0.05128639387737838,0.2538705018986329,1583755,corona_tweets_606.csv
2022-06-13,0.05913834030602234,0.26847392485140337,791437,corona_tweets_817.csv
2021-05-28,0.06652453105647099,0.24630363656727816,2591490,corona_tweets_436.csv
2022-08-03,0.04946669495188011,0.2528050735455782,666986,corona_tweets_868.csv
2021-08-19,0.04931543949532479,0.2593267629991895,2957709,corona_tweets_519.csv
2022-01-11,0.039280126486959,0.25997374377835814,3348707,corona_tweets_664.csv
2022-05-29,0.04925054482912245,0.2513490477998325,572457,corona_tweets_802.csv
2022-11-27,0.03788382832921489,0.2604162870642585,1043751,corona_tweets_984.csv
2020-08-01,0.05649049412951994,0.2579403573430683,3533863,corona_tweets_136.csv
2021-08-02,0.053541045614254025,0.2654764448839628,3151448,corona_tweets_502.csv
2020-03-25,0.03286758903852154,0.27303813224220286,1272592,corona_tweets_08.csv
2020-05-08,0.06679322194080264,0.2741059217344991,2250019,corona_tweets_51.csv
2021-11-20,0.05316954007053765,0.26939334495309303,1298008,corona_tweets_612.csv
2020-09-29,0.04219501284201312,0.2709136453045765,3154852,corona_tweets_195.csv
2021-01-05,0.05086263123231272,0.26014791001765925,3917006,corona_tweets_293.csv
2022-05-05,0.04358299756993478,0.2708831813745333,1096269,corona_tweets_778.csv
2021-02-20,0.058744422932839276,0.2623379817740278,1959267,corona_tweets_339.csv
2022-06-04,0.05722014346190368,0.2551752017490379,636936,corona_tweets_808.csv
2022-09-26,0.043784694527912886,0.26356541790914606,542293,corona_tweets_922.csv
2021-01-29,0.08534046696174169,0.269170144006963,3019460,corona_tweets_317.csv
2020-12-01,0.036363046889479764,0.26879482310169295,2892121,corona_tweets_258.csv
2022-11-16,0.048827710815776505,0.2577592208987729,716499,corona_tweets_973.csv
2021-10-23,0.06187887541366252,0.2592090206708934,1344116,corona_tweets_584.csv
2021-02-27,0.04688021904262739,0.2638212407849207,2236001,corona_tweets_346.csv
2022-04-21,0.039613274735206046,0.26284359516815453,961573,corona_tweets_764.csv
2021-04-12,0.060438753136987856,0.2606837997374808,2812947,corona_tweets_390.csv
2021-11-08,0.05526199167869511,0.2600825617260083,1795492,corona_tweets_600.csv
2020-05-04,0.05930903594459488,0.25388013659333086,2227489,corona_tweets_47.csv
2020-11-10,0.06629081621048676,0.2705872638620678,3296368,corona_tweets_237.csv
2021-01-28,0.0777677679530302,0.25476521011544107,2968589,corona_tweets_316.csv
2021-04-19,0.06371974687891965,0.2604509746066376,3244223,corona_tweets_397.csv
2021-04-29,0.05766343403974191,0.25517722087470635,4774322,corona_tweets_407.csv
2022-11-17,0.05022172172590517,0.24891903024206366,676365,corona_tweets_974.csv
2022-01-03,0.04872090503343426,0.2561464173122551,3001920,corona_tweets_656.csv
2022-11-30,0.043664210942983964,0.2656167248807919,915608,corona_tweets_987.csv
2020-09-12,0.042118613967872906,0.26947597416268515,3165691,corona_tweets_178.csv
2020-12-24,0.05013192909493151,0.2847380027500968,2622020,corona_tweets_281.csv
2022-02-13,0.052143979794860046,0.24546942660561513,1260344,corona_tweets_697.csv
2022-04-29,0.05631548574817201,0.2462135721365724,928562,corona_tweets_772.csv
2022-06-09,0.05491843549271102,0.25742526335814336,698062,corona_tweets_813.csv
2021-02-21,0.06257502878388832,0.25588377506565285,2161601,corona_tweets_340.csv
2021-05-15,0.06128944100808551,0.25301042613670155,2672511,corona_tweets_423.csv
2020-11-22,0.03841906122648558,0.2747958858483056,3072344,corona_tweets_249.csv
2022-05-25,0.05958199123798314,0.25769175042283304,939979,corona_tweets_798.csv
2020-04-19,0.05647763280533161,0.2626806325928798,2393006,corona_tweets_32.csv
2021-03-13,0.05438009200583519,0.2585623092495209,2092834,corona_tweets_360.csv
2021-08-18,0.061363668725337536,0.2524384004260961,2953666,corona_tweets_518.csv
2022-04-20,0.035920711978447546,0.28301976307764987,1134417,corona_tweets_763.csv
2020-10-31,0.05495048196637803,0.2647723966163059,3500835,corona_tweets_227.csv
2022-05-03,0.05271124456593543,0.26909873487791247,1195798,corona_tweets_776.csv
2022-04-08,0.047322101774269786,0.25669603735589985,935860,corona_tweets_751.csv
2022-08-16,0.06303950720216205,0.26559341788950147,696690,corona_tweets_881.csv
2022-06-26,0.04362803242791384,0.2500556760662159,594584,corona_tweets_830.csv
2020-12-23,0.05945033988090438,0.2666489331377006,3541732,corona_tweets_280.csv
2020-08-23,0.053623028739102706,0.24062907263065128,4045201,corona_tweets_158.csv
2021-01-31,0.06136320104864076,0.24466147244559022,2868843,corona_tweets_319.csv
2021-05-01,0.06328405159806742,0.25504091423998504,2641628,corona_tweets_409.csv
2022-08-09,0.05489555536837444,0.26335017192117566,575811,corona_tweets_874.csv
2022-06-24,0.05004514014696946,0.2550565211101131,803677,corona_tweets_828.csv
2020-09-10,0.04513452087351196,0.2657445637358667,4032447,corona_tweets_176.csv
2022-07-31,0.04743450806418177,0.26791891470705825,796388,corona_tweets_865.csv
2022-03-05,0.05810318181289344,0.25335121123442017,769398,corona_tweets_717.csv
2022-07-05,0.03316840076639392,0.2635423304075106,820978,corona_tweets_839.csv
2020-10-08,0.05335194446786043,0.25569288872882456,3963002,corona_tweets_204.csv
2022-09-07,0.04565908478978672,0.26026110996764684,683698,corona_tweets_903.csv
2022-07-01,0.06778314081861611,0.2713208127632913,786575,corona_tweets_835.csv
2021-08-27,0.05680311684673062,0.25913373752251245,2817496,corona_tweets_527.csv
2021-06-01,0.06276331325750398,0.2494002169612623,2263802,corona_tweets_440.csv
2021-05-24,0.06095860089881666,0.2550636690866682,2746423,corona_tweets_432.csv
2021-12-28,0.03984925978437708,0.25319047507453063,3334155,corona_tweets_650.csv
2020-07-08,0.04085103813511722,0.26565068288333277,4032945,corona_tweets_112.csv
2021-12-22,0.057002476250056326,0.26651885611709275,3117951,corona_tweets_644.csv
2022-05-18,0.053989688078409294,0.2544794671044656,911505,corona_tweets_791.csv
2021-02-10,0.06874580409435331,0.26394462982356465,2666021,corona_tweets_329.csv
2020-08-04,0.054564732244406264,0.2601351558760755,3726039,corona_tweets_139.csv
2022-04-17,0.045463209971762564,0.2605933158035156,695484,corona_tweets_760.csv
2021-01-23,0.06937121539085939,0.25848274263389787,3031831,corona_tweets_311.csv
2022-03-31,0.050730606885335046,0.2611512319507741,934865,corona_tweets_743.csv
2022-06-17,0.05357297145257103,0.2541311767176463,840450,corona_tweets_821.csv
2021-03-15,0.06613797364170015,0.2529537577907488,2528090,corona_tweets_362.csv
2021-01-02,0.038051990739761815,0.2681859933113344,3250694,corona_tweets_290.csv
2022-04-28,0.05502040822030799,0.2462861878172714,1009305,corona_tweets_771.csv
2022-07-04,0.038577666514437274,0.26384747005373455,679277,corona_tweets_838.csv
2020-11-18,0.062095251438646505,0.26586649536547563,3649808,corona_tweets_245.csv
2020-04-25,0.046757662566493656,0.2623786124419973,1981835,corona_tweets_38.csv
2020-10-22,0.061645940255322745,0.26469425075785924,3342926,corona_tweets_218.csv
2022-08-21,0.057181202324410894,0.24428394600321118,535073,corona_tweets_886.csv
2020-04-21,0.05796607649378478,0.25869354866687877,2211689,corona_tweets_34.csv
2021-07-30,0.04532896845578132,0.2571815843025579,3394472,corona_tweets_499.csv
2021-01-30,0.0648681211353155,0.26948237737394026,2900875,corona_tweets_318.csv
2022-11-02,0.03521188666078558,0.270361046795409,875989,corona_tweets_959.csv
2022-10-19,0.03201157425528832,0.2567096360082248,726975,corona_tweets_945.csv
2022-01-13,0.04470699461864263,0.2651702610228032,3129431,corona_tweets_666.csv
2022-11-13,0.056232736700058544,0.26994626583314063,590519,corona_tweets_970.csv
2022-08-14,0.04179378849595372,0.2623554187442386,520366,corona_tweets_879.csv
2021-03-12,0.060544129532966555,0.25572017118158713,2782982,corona_tweets_359.csv
2020-11-25,0.06037855604149052,0.26911799135829995,3084475,corona_tweets_252.csv
2021-05-10,0.06666103357328892,0.2500586197967138,3272827,corona_tweets_418.csv
2020-09-18,0.05719355472571163,0.26000086772249453,3328710,corona_tweets_184.csv
2022-01-16,0.05058582689582438,0.25374676397049495,2255273,corona_tweets_669.csv
2020-04-29,0.05962128783808807,0.260682987039253,2390703,corona_tweets_42.csv
2020-05-17,0.05148972223696713,0.25569986430639224,3530933,corona_tweets_60.csv
2022-01-04,0.04674657656542041,0.2515598733989743,3346576,corona_tweets_657.csv
2021-10-31,0.057786504770283784,0.26164149912296747,1380723,corona_tweets_592.csv
2022-02-15,0.04710495845737365,0.2540331571261404,1706704,corona_tweets_699.csv
2020-12-21,0.050918307684004,0.25841703851010317,3974884,corona_tweets_278.csv
2022-02-28,0.07024636916556469,0.2534406597350595,1085424,corona_tweets_712.csv
2020-05-28,0.04477273618265101,0.27972813881518543,3446008,corona_tweets_71.csv
2021-10-04,0.06512017010870168,0.2533047845184667,1909160,corona_tweets_565.csv
2021-08-15,0.044165963061354375,0.2594155012323822,2100263,corona_tweets_515.csv
2021-10-11,0.06023086629953484,0.25461474344210333,1436411,corona_tweets_572.csv
2020-07-22,0.05331341039059823,0.2528942623344579,3691852,corona_tweets_126.csv
2022-06-03,0.06403075720663758,0.24351339764328264,802733,corona_tweets_807.csv
2021-09-03,0.05457230489395592,0.2630661321259356,2405033,corona_tweets_534.csv
2022-01-29,0.05566930233957513,0.26280819141826073,1797616,corona_tweets_682.csv
2020-11-20,0.06609960895157281,0.2654251015814672,3467627,corona_tweets_247.csv
2021-01-12,0.04859479724969873,0.27437778145195785,3512165,corona_tweets_300.csv
2022-04-03,0.04073689356899683,0.2696956403740288,955923,corona_tweets_746.csv
2021-04-18,0.05493717146097084,0.25359223880998855,3130544,corona_tweets_396.csv
2021-12-03,0.036885324466602296,0.2596005719832253,2190721,corona_tweets_625.csv
2020-10-01,0.04988695747485265,0.26109999367120923,3149122,corona_tweets_197.csv
2021-08-21,0.03873883899070321,0.2627184458209646,3337045,corona_tweets_521.csv
2020-08-14,0.06832686244890843,0.25825751769513405,3683305,corona_tweets_149.csv
2020-08-31,0.06963505830495452,0.2709851031537848,3725303,corona_tweets_166.csv
2022-05-19,0.06041894192532577,0.25382357188083315,971846,corona_tweets_792.csv
2022-02-01,0.04833006799614784,0.2559533056577465,2010791,corona_tweets_685.csv
2022-07-27,0.03856837849848537,0.24899885417531048,826308,corona_tweets_861.csv
2021-04-23,0.06133180792029829,0.260465111518289,3374543,corona_tweets_401.csv
2021-08-30,0.05349955146565687,0.25650580695473246,2656139,corona_tweets_530.csv
2021-07-24,0.045612314431724595,0.2659350334394447,2767396,corona_tweets_493.csv
2020-12-12,0.06889102803102048,0.267264044220644,2590126,corona_tweets_269.csv
2022-06-29,0.048688784708552216,0.2777234244675456,911901,corona_tweets_833.csv
2020-08-09,0.04816057404221617,0.2559461444087631,3822854,corona_tweets_144.csv
2021-01-18,0.07645190632422426,0.2965459613959041,3099138,corona_tweets_306.csv
2020-08-29,0.052621476494374396,0.24892642152866504,3282065,corona_tweets_164.csv
2022-02-07,0.05885159010540731,0.263068634134263,1652990,corona_tweets_691.csv
2021-09-21,0.060662943685125675,0.2648253348170339,2241524,corona_tweets_552.csv
2022-06-08,0.05177558716777851,0.2683854111005759,750329,corona_tweets_812.csv
2021-10-28,0.05524844053230066,0.24529343581245092,1584846,corona_tweets_589.csv
2020-03-30,0.06609912180742197,0.2773595176933755,792417,corona_tweets_12.csv
2021-05-13,0.06189900399414318,0.25675646805377617,3454177,corona_tweets_421.csv
2021-03-29,0.06711126282347778,0.2514318592506759,2914413,corona_tweets_376.csv
2021-06-23,0.05841753043663264,0.2634675404365554,1899583,corona_tweets_462.csv
2021-08-12,0.03758662871321432,0.2707916146866174,3385156,corona_tweets_512.csv
2021-08-13,0.0427460918971134,0.26211966133868664,3053259,corona_tweets_513.csv
2020-12-25,0.05375494836022809,0.26480036807499363,1767511,corona_tweets_282.csv
2020-10-15,0.04735708163991844,0.25910264782940573,3288065,corona_tweets_211.csv
2020-04-16,0.04243316238217016,0.2685027943407473,433368,corona_tweets_29.csv
2020-12-26,0.05236081156048764,0.26755577461364755,2466204,corona_tweets_283.csv
2022-03-28,0.07048991393297545,0.2568478582557482,947812,corona_tweets_740.csv
2022-09-18,0.044268733552191804,0.25148965975317156,579756,corona_tweets_914.csv
2022-03-21,0.050633915486057446,0.25929313323891673,937907,corona_tweets_733.csv
2022-10-10,0.056111475078698465,0.23997870306311078,589761,corona_tweets_936.csv
2020-05-13,0.05609387787401028,0.25806430765809324,2339709,corona_tweets_56.csv
2020-07-24,0.04860312624705302,0.25420335578558484,3621819,corona_tweets_128.csv
2020-09-01,0.05848662068752709,0.24701795296496537,3665464,corona_tweets_167.csv
2022-08-13,0.05027379162600492,0.2685494515574246,611197,corona_tweets_878.csv
2020-10-06,0.04194538341735821,0.26450628773666773,4250382,corona_tweets_202.csv
2022-07-03,0.04410316849679055,0.28113769812080275,710717,corona_tweets_837.csv
2022-01-27,0.05957356964905404,0.26388238834459565,2248885,corona_tweets_680.csv
2021-10-05,0.05458651824616362,0.2516526714176736,2148267,corona_tweets_566.csv
2021-04-11,0.06412708131221741,0.27403750353651446,2409810,corona_tweets_389.csv
2021-04-16,0.07202945834182875,0.2641311172757894,2846397,corona_tweets_394.csv
2020-10-02,0.07136763758871799,0.2681680542644349,4312864,corona_tweets_198.csv
2021-05-19,0.05893345012952771,0.26517985083196294,2682664,corona_tweets_427.csv
2021-06-16,0.060532373830152864,0.2561574441219686,1911098,corona_tweets_455.csv
2021-01-26,0.0530212188634319,0.2678318745456619,3410745,corona_tweets_314.csv
2020-05-06,0.05517240186842841,0.26995017957678,2164251,corona_tweets_49.csv
2022-04-02,0.05323121822560117,0.29687128383097117,893457,corona_tweets_745.csv
2022-04-19,0.03964495194482383,0.26471466743679406,1387917,corona_tweets_762.csv
2020-03-27,0.04515450262916614,0.26787317969596003,1172013,corona_tweets_10.csv
2021-01-22,0.0678784434685334,0.2651250407453312,3145448,corona_tweets_310.csv
2020-11-03,0.0779232806918525,0.26981564476180553,2601575,corona_tweets_230.csv
2022-06-19,0.06535343689256577,0.262348642916254,644363,corona_tweets_823.csv
2022-06-28,0.05563019465684133,0.2615136984996767,676297,corona_tweets_832.csv
2020-10-29,0.05886197540482454,0.26073865285046766,3256945,corona_tweets_225.csv
2022-09-29,0.06482209942869034,0.2567837816434952,602663,corona_tweets_925.csv
2020-11-02,0.05987307305126106,0.2562472547413017,3299450,corona_tweets_229.csv
2020-08-16,0.042483540258588914,0.25639041364210663,3181939,corona_tweets_151.csv
2021-07-27,0.04472782809058898,0.256065076398288,2943875,corona_tweets_496.csv
2022-01-09,0.047596650813646786,0.2611306116791756,2996023,corona_tweets_662.csv
2022-05-15,0.052675533006092845,0.2516357959385102,718283,corona_tweets_788.csv
2021-09-29,0.05135289565109538,0.25451056345382483,2343125,corona_tweets_560.csv
2020-11-26,0.06437675712105496,0.26628246628675784,2853608,corona_tweets_253.csv
2021-06-03,0.06841575619933313,0.25261318174769115,2228357,corona_tweets_442.csv
2020-10-17,0.048595737080548124,0.25687767259891514,2936275,corona_tweets_213.csv
2022-08-20,0.0627655068360912,0.25424114997302016,622231,corona_tweets_885.csv
2022-04-18,0.05774049636046245,0.2646639233716031,887015,corona_tweets_761.csv
2021-02-07,0.05250450084936064,0.26973942682216323,2478071,corona_tweets_326.csv
2022-10-01,0.05609587182125771,0.2573478012420073,584522,corona_tweets_927.csv
2020-05-02,0.06295355172283607,0.25587909103210005,2216553,corona_tweets_45.csv
2022-06-12,0.036997002415192964,0.27312733806588857,657000,corona_tweets_816.csv
2020-06-27,0.03898221377838913,0.2587395527286774,3816987,corona_tweets_101.csv
2021-11-07,0.05856779603913191,0.26003248699816145,1553389,corona_tweets_599.csv
2022-03-29,0.05749938183312114,0.26528236337501826,1231288,corona_tweets_741.csv
2021-12-20,0.05033743262754735,0.2535105042478946,3182274,corona_tweets_642.csv
2022-08-25,0.04078442127505126,0.24890479592422735,456863,corona_tweets_890.csv
2020-11-16,0.0835045445040283,0.28068925714892795,3629902,corona_tweets_243.csv
2021-01-01,0.05888404736181498,0.2568660257771231,3038662,corona_tweets_289.csv
2021-12-04,0.042334568438100725,0.2689922262860038,1765155,corona_tweets_626.csv
2022-05-09,0.05123805707719784,0.25013011600050833,936849,corona_tweets_782.csv
2021-02-17,0.03994609841158719,0.2632929826959366,2656607,corona_tweets_336.csv
2021-05-31,0.06966665118312422,0.25395385788954333,2148894,corona_tweets_439.csv
2021-05-22,0.05760725285505133,0.25857955846939484,2273897,corona_tweets_430.csv
2020-04-22,0.059582617315318144,0.2608269671378021,2265189,corona_tweets_35.csv
2021-08-08,0.05559017601074109,0.2661847369103976,2876574,corona_tweets_508.csv
2021-04-20,0.05234042931431515,0.2574243473911878,3146119,corona_tweets_398.csv
2021-05-07,0.06825400262101972,0.25211369810984513,2910460,corona_tweets_415.csv
2022-03-03,0.04968695256504808,0.2606002728828595,1148066,corona_tweets_715.csv
2021-10-21,0.07641509055434337,0.2579931803227151,2115625,corona_tweets_582.csv
2021-08-23,0.06121786668112164,0.2598003296638574,3258977,corona_tweets_523.csv
2022-10-18,0.05470585543782952,0.26771518565541585,938271,corona_tweets_944.csv
2020-04-18,0.0640720509495887,0.26707034640610533,2671818,corona_tweets_31.csv
2020-05-18,0.05910686414306437,0.2630419625811166,3899631,corona_tweets_61.csv
2022-09-10,0.0509482105494273,0.24388057682599118,503507,corona_tweets_906.csv
2022-04-06,0.06905283473409388,0.2496863194012161,1010420,corona_tweets_749.csv
2021-09-18,0.048719190238799163,0.2500194083470943,2241235,corona_tweets_549.csv
2022-11-18,0.06431668191619219,0.26489860911238755,566184,corona_tweets_975.csv
2020-05-21,0.0593528968035084,0.25949207377026456,3582020,corona_tweets_64.csv
2020-05-25,0.07463327501587955,0.28137005991727626,3474952,corona_tweets_68.csv
2022-11-05,0.04309362848036215,0.2510716262246974,621280,corona_tweets_962.csv
2021-06-06,0.059476895878882004,0.2472307097627117,1730992,corona_tweets_445.csv
2021-06-30,0.06119010590201432,0.2607529243974763,1877918,corona_tweets_469.csv
2020-06-19,0.04257491743891385,0.2525512681277182,3634172,corona_tweets_93.csv
2022-02-10,0.05179206327186424,0.25721954301414146,1772138,corona_tweets_694.csv
2021-10-27,0.05733468101710221,0.25367748695083164,1633324,corona_tweets_588.csv
2022-07-19,0.05929850336873357,0.2615009618448436,846247,corona_tweets_853.csv
2021-07-17,0.052817966305366365,0.24784935034140787,3015929,corona_tweets_486.csv
2020-11-14,0.035134552328327164,0.26419554141559054,3341609,corona_tweets_241.csv
2022-11-24,0.054972250759562455,0.2588703012848982,820826,corona_tweets_981.csv
2020-11-13,0.0435039992473463,0.2688045797354354,3850005,corona_tweets_240.csv
2021-03-11,0.07053682948600962,0.26011112602756437,3122284,corona_tweets_358.csv
2020-03-20,0.02270342966157361,0.27954750521653743,870924,corona_tweets_02.csv
2020-11-01,0.04685495495882302,0.2650055216137705,3371046,corona_tweets_228.csv
2021-09-25,0.05267964408918168,0.26325331732625257,1647906,corona_tweets_556.csv
2020-07-19,0.04615230153851471,0.2570537956543106,3600404,corona_tweets_123.csv
2022-02-14,0.05937210301113679,0.2478653226567881,1429178,corona_tweets_698.csv
2021-09-07,0.05834663685622134,0.2530449355884253,2618317,corona_tweets_538.csv
2022-06-11,0.04145738957648129,0.26929924267067357,632710,corona_tweets_815.csv
2020-07-20,0.04963374187352409,0.26304065861120085,3777908,corona_tweets_124.csv
2022-07-15,0.042784577511221694,0.2656978492274996,807344,corona_tweets_849.csv
2021-12-29,0.039769502083221,0.2578338539968304,3403732,corona_tweets_651.csv
2020-05-31,0.039001322357223936,0.24879773523785695,3234848,corona_tweets_74.csv
2021-03-23,0.06099441973092439,0.2532086271886584,2612589,corona_tweets_370.csv
2022-03-10,0.06268480892841115,0.25950605316442216,1033861,corona_tweets_722.csv
2022-04-07,0.06377684481057791,0.25897264681998267,1047292,corona_tweets_750.csv
2020-10-10,0.027773276796228964,0.25962780615230585,3725364,corona_tweets_206.csv
2020-06-30,0.03988411712302807,0.2566783809624706,3926862,corona_tweets_104.csv
2022-08-06,0.040872695946684655,0.2485628474376487,637663,corona_tweets_871.csv
2020-06-14,-0.01895953150377471,0.3247511948870304,3154328,corona_tweets_88.csv
2022-03-26,0.0680033176456007,0.2573935399664948,814413,corona_tweets_738.csv
2021-04-07,0.06184581717058973,0.26293810636664644,3044808,corona_tweets_385.csv
2021-05-03,0.05852404181778812,0.26127681162644695,3186034,corona_tweets_411.csv
2021-06-04,0.060077468880954374,0.25305021093064656,2230290,corona_tweets_443.csv
2021-12-06,0.04914534819801886,0.2617307032682729,1944412,corona_tweets_628.csv
2022-03-19,0.06370907656331025,0.2529792413141245,873441,corona_tweets_731.csv
2020-06-18,0.04016660125085383,0.2495512004453701,3673328,corona_tweets_92.csv
2022-05-22,0.06189076491899152,0.24667250995624523,777506,corona_tweets_795.csv
2022-12-06,0.04227336151015475,0.25189352228126094,928456,corona_tweets_993.csv
2021-12-09,0.04604942827904718,0.2662600927390938,2065906,corona_tweets_631.csv
2021-06-28,0.0583860975779346,0.25661717438089054,2087599,corona_tweets_467.csv
2020-07-23,0.037612230117796575,0.29406354143167623,3661885,corona_tweets_127.csv
2022-03-23,0.061645895328933775,0.24554971836346123,1069015,corona_tweets_735.csv
2022-11-19,0.057897711444781744,0.2623210326013787,528869,corona_tweets_976.csv
2022-07-16,0.06368486175710512,0.2580897857836471,688810,corona_tweets_850.csv
2021-03-03,0.05660472706198789,0.2635418067070613,3028796,corona_tweets_350.csv
2021-04-13,0.06678869474944506,0.259812684232702,3850249,corona_tweets_391.csv
2020-06-28,0.065345771657037,0.2841867517165346,3743358,corona_tweets_102.csv
2022-02-02,0.05373143511619561,0.25244292783393846,2054738,corona_tweets_686.csv
2021-02-14,0.06953160821756309,0.2679318804537607,1873301,corona_tweets_333.csv
2020-05-10,0.05457947635662383,0.26084173032309005,2208264,corona_tweets_53.csv
2020-08-13,0.04897127161338726,0.2551323818682443,3749980,corona_tweets_148.csv
2020-10-09,0.045939493762497154,0.2574103858393541,3876621,corona_tweets_205.csv
2022-07-18,0.043937997909217014,0.2508940573321202,865879,corona_tweets_852.csv
2022-01-10,0.045788519111438906,0.26083116562760106,3390261,corona_tweets_663.csv
2021-07-02,0.05679692155858217,0.25546194368065206,1635985,corona_tweets_471.csv
2020-09-23,0.06559960073086177,0.25458725876373206,3675631,corona_tweets_189.csv
2020-04-10,0.05778240003381897,0.28290579623152246,601199,corona_tweets_23.csv
2022-05-17,0.06166937115480237,0.256838900529688,930322,corona_tweets_790.csv
2022-06-23,0.052626147804564864,0.2488246492629348,860991,corona_tweets_827.csv
2022-06-25,0.04263459290976406,0.24771985305957203,662112,corona_tweets_829.csv
2021-01-11,0.05724129001687221,0.2657595521375657,3156856,corona_tweets_299.csv
2020-07-29,0.06225672607627498,0.2556833031237242,4007131,corona_tweets_133.csv
2020-11-15,0.03293908366461336,0.28178352466121515,3424942,corona_tweets_242.csv
2020-05-30,0.027253801395750506,0.2406743713623256,3098817,corona_tweets_73.csv
2020-03-19,-0.006165731082313328,0.2943170198989148,831327,corona_tweets_01.csv
2020-10-18,0.08045226430271582,0.2864936274119707,3114902,corona_tweets_214.csv
2022-08-23,0.04956448939074369,0.25520395583696115,708675,corona_tweets_888.csv
2021-09-17,0.046168278829302925,0.26563104101464696,2706436,corona_tweets_548.csv
2020-08-18,0.053642804604396695,0.2616420697705737,3610316,corona_tweets_153.csv
2022-05-30,0.05725155385981474,0.2539580266205897,617007,corona_tweets_803.csv
2022-10-05,0.04526243703307642,0.25202688617302604,676145,corona_tweets_931.csv
2020-12-05,0.05250428174085549,0.2624516496284667,2732602,corona_tweets_262.csv
2022-11-01,0.03079631210656956,0.26503189101115515,979944,corona_tweets_958.csv
2021-05-08,0.06792744309091717,0.2509942482376084,2615164,corona_tweets_416.csv
2021-07-01,0.06090654222808609,0.26728542253723253,1743817,corona_tweets_470.csv
2020-05-14,0.06026065768857391,0.26486143924283684,2096878,corona_tweets_57.csv
2020-04-02,0.05059449143909866,0.26502929929455893,826271,corona_tweets_15.csv
2021-07-12,0.04398713428572486,0.25148046150131576,2491841,corona_tweets_481.csv
2022-08-12,0.051642339767989744,0.25520869877282193,728319,corona_tweets_877.csv
2020-06-08,0.0663138913372506,0.26726241475316415,3032227,corona_tweets_82.csv
2021-01-04,0.03991469343312635,0.27669510659049396,3727421,corona_tweets_292.csv
2021-11-21,0.05574737116494936,0.261796698066104,1228588,corona_tweets_613.csv
2022-02-12,0.04492384068431938,0.2483404120244912,1466190,corona_tweets_696.csv
2022-02-21,0.050500106235020326,0.26450459303150586,1586468,corona_tweets_705.csv
2020-08-08,0.040934424149953706,0.2629236679316887,3482091,corona_tweets_143.csv
2022-03-02,0.062124072179489585,0.26238601757502683,1509612,corona_tweets_714.csv
2020-11-19,0.07139338307305033,0.26944928848096866,3593689,corona_tweets_246.csv
2020-09-02,0.059779656815166206,0.2499278509724636,3742416,corona_tweets_168.csv
2021-05-04,0.05431314686920692,0.25623372632564645,3308235,corona_tweets_412.csv
2021-05-11,0.05926322938502521,0.25226549235070633,3030226,corona_tweets_419.csv
2021-01-13,0.03048450866670463,0.29115394301582126,2855503,corona_tweets_301.csv
2022-01-01,0.05792301960620605,0.26427543487941324,2263408,corona_tweets_654.csv
2021-12-11,0.042949599978993974,0.25650759739074136,1874247,corona_tweets_633.csv
2021-03-31,0.06235492633447429,0.25018358338311475,2729870,corona_tweets_378.csv
2021-08-28,0.062478076457473525,0.2706083269863092,2493586,corona_tweets_528.csv
2020-09-17,0.04154390025266841,0.27111855316185623,3661202,corona_tweets_183.csv
2021-06-25,0.056951577108848,0.2627416848710585,1911966,corona_tweets_464.csv
2022-07-09,0.056239261236647284,0.2583856780701002,683981,corona_tweets_843.csv
2022-08-15,0.06095484072174591,0.2644997774360827,653194,corona_tweets_880.csv
2020-07-10,0.044397676313884325,0.25804924190106804,4024227,corona_tweets_114.csv
2022-09-20,0.043016802661135015,0.2592260708772712,778935,corona_tweets_916.csv
2021-06-05,0.062075565717629295,0.25828877107701953,1696341,corona_tweets_444.csv
2021-03-28,0.06174346151447282,0.25652987473274963,1999110,corona_tweets_375.csv
2020-05-29,0.03900023701723125,0.2484044999084911,3492841,corona_tweets_72.csv
2021-11-01,0.06086154852051709,0.2517007654395978,1599740,corona_tweets_593.csv
2021-03-22,0.06551220534480319,0.2590409013998535,2635541,corona_tweets_369.csv
2021-03-26,0.06228780841257003,0.2515679469556568,2265944,corona_tweets_373.csv
2020-07-28,0.04691513088260677,0.25254018814634643,4167168,corona_tweets_132.csv
2020-06-13,0.035541429749209624,0.26729617326524735,3011103,corona_tweets_87.csv
2020-03-24,0.02565746227811,0.25291191571248006,1479651,corona_tweets_07.csv
2022-08-28,0.060180197361726376,0.2501024396011805,552204,corona_tweets_893.csv
2021-04-14,0.059765437114355446,0.2607814621832806,2163860,corona_tweets_392.csv
2021-06-07,0.06984619839087125,0.24955179033257816,2216828,corona_tweets_446.csv
2021-10-22,0.07304635978840715,0.2579181028166921,1732711,corona_tweets_583.csv
2021-02-25,0.053074126642440905,0.2594104867458158,2662233,corona_tweets_344.csv
2021-08-10,0.058773796187614996,0.27008318998315956,3279238,corona_tweets_510.csv
2020-08-28,0.050973131718211454,0.25042463267683707,3850248,corona_tweets_163.csv
2022-10-24,0.05689985132846091,0.25910145321700867,708428,corona_tweets_950.csv
2021-05-05,0.06795449700184315,0.2579910514047224,3256865,corona_tweets_413.csv
2020-08-26,0.04867221689282456,0.23794687453677668,3965851,corona_tweets_161.csv
2020-10-16,0.04798991153742877,0.27520880034499595,3111052,corona_tweets_212.csv
2021-12-21,0.0459400384372173,0.2622196789421589,3227890,corona_tweets_643.csv
2020-07-21,0.05468925925972909,0.25906088921206255,3771150,corona_tweets_125.csv
2021-12-25,0.04006954461624384,0.27208747371640596,1733805,corona_tweets_647.csv
2022-06-18,0.056467553035788154,0.25210428217902503,644627,corona_tweets_822.csv
2021-12-18,0.048861988319788975,0.248824492872899,3049959,corona_tweets_640.csv
2021-11-02,0.04480202708273851,0.25898445202116005,1571260,corona_tweets_594.csv
2020-09-11,0.05201577539769333,0.251518506514077,3499620,corona_tweets_177.csv
2022-12-02,0.04718197487024391,0.2659033639485416,718503,corona_tweets_989.csv
2020-04-06,0.03168881529143126,0.2939136132276066,722921,corona_tweets_19.csv
2020-12-18,0.06622066125599857,0.2704998780999058,3727941,corona_tweets_275.csv
2022-12-12,0.03920518339560819,0.2592686290475618,939829,corona_tweets_999.csv
2020-08-07,0.05394790063044445,0.25020911274208996,3702517,corona_tweets_142.csv
2020-06-03,0.044989993839546626,0.2495945531887949,3256225,corona_tweets_77.csv
2022-11-03,0.04075560623513741,0.2666023749792997,760302,corona_tweets_960.csv
2020-04-27,0.058182813419836894,0.2511933561981639,2212216,corona_tweets_40.csv
2022-01-28,0.05650507276741448,0.25511113282996,2072883,corona_tweets_681.csv
2022-10-30,0.05156478062929917,0.2550769102164522,622664,corona_tweets_956.csv
2020-09-19,0.04786267752172295,0.24846111154031175,2373557,corona_tweets_185.csv
2021-12-05,0.04416444258447757,0.2663518700943792,1812269,corona_tweets_627.csv
2022-07-11,0.0595241039412502,0.25012318149547685,821572,corona_tweets_845.csv
2022-01-14,0.05132165277396519,0.26454150531412446,2802079,corona_tweets_667.csv
2021-08-01,0.04348757810706475,0.2572360999799412,2798436,corona_tweets_501.csv
2021-01-14,0.0461097155425346,0.27604459404794784,3613526,corona_tweets_302.csv
2022-01-08,0.04605131607165273,0.2587765392534636,3115217,corona_tweets_661.csv
2022-01-23,0.06144765699843757,0.26351933946870904,2023746,corona_tweets_676.csv
2020-09-26,0.05608404809253947,0.2596188576538409,2750782,corona_tweets_192.csv
2021-09-24,0.0654614368420629,0.2647557007839813,2059018,corona_tweets_555.csv
2022-05-12,0.06979203979901337,0.26985999889955875,1033609,corona_tweets_785.csv
2022-10-14,0.04371916123839362,0.2615634252198392,706798,corona_tweets_940.csv
2021-11-17,0.05364745617960681,0.25296032575742006,1719693,corona_tweets_609.csv
2021-01-19,0.05906250042586215,0.2649337100253985,3209091,corona_tweets_307.csv
2020-07-12,0.05684865729690977,0.251005330737724,3902393,corona_tweets_116.csv
2022-02-22,0.052133503800052966,0.25748474847318553,1152122,corona_tweets_706.csv
2021-08-26,0.05713909836701003,0.26101386060947807,2724974,corona_tweets_526.csv
2020-12-02,0.059787286591092004,0.26604616559883426,3255342,corona_tweets_259.csv
2020-08-03,0.04886865593946295,0.26643638845081385,3810246,corona_tweets_138.csv
2020-05-16,0.05331067805908941,0.2648485490551107,3389090,corona_tweets_59.csv
2021-09-19,0.04194675954625108,0.2655639792008074,2290977,corona_tweets_550.csv
2021-06-09,0.060734762006305926,0.259510731837216,2115721,corona_tweets_448.csv
2022-10-27,0.03687819876533848,0.2554035927680362,652634,corona_tweets_953.csv
2022-11-22,0.052098028140824704,0.2517579025924694,946096,corona_tweets_979.csv
2020-10-23,0.05220743434133595,0.25702756777443714,3269122,corona_tweets_219.csv
2021-07-09,0.056182256489079145,0.2587281561014371,2248948,corona_tweets_478.csv
2021-01-10,0.05719941237044635,0.26480096413319865,2542852,corona_tweets_298.csv
2022-04-15,0.04971882816974017,0.26898073481566864,622089,corona_tweets_758.csv
2021-02-16,0.058728826462483584,0.2685334142020316,2537242,corona_tweets_335.csv
2020-09-22,0.05404051673779059,0.2628443786465847,3773214,corona_tweets_188.csv
2021-10-18,0.054308820583351916,0.26183844730864486,2283943,corona_tweets_579.csv
2020-08-20,0.0675243025905252,0.26451727517925294,3609804,corona_tweets_155.csv
2022-03-30,0.05825537987102772,0.2629618206203858,1221280,corona_tweets_742.csv
2020-08-15,0.06895079559801288,0.2584817769506424,3187087,corona_tweets_150.csv
2021-09-13,0.058825505803761696,0.2691315120253542,3116987,corona_tweets_544.csv
2020-06-16,0.055039360424639236,0.2512373065869696,3889262,corona_tweets_90.csv
2021-11-27,0.052250254942806426,0.24648764047618937,2311888,corona_tweets_619.csv
2022-08-19,0.055810397416490035,0.2557999698748546,711479,corona_tweets_884.csv
2020-07-18,0.06225643694541628,0.2808708093296128,3639620,corona_tweets_122.csv
2022-02-11,0.05145035714272731,0.25514321877782214,1693945,corona_tweets_695.csv
2022-05-16,0.05486773798649216,0.24778652660339948,864460,corona_tweets_789.csv
2022-01-02,0.05197160886041816,0.26163845180283496,2573288,corona_tweets_655.csv
2022-09-17,0.049380162362886226,0.25613405226967556,538688,corona_tweets_913.csv
2020-07-01,0.04883016562593992,0.2640827775965955,4365171,corona_tweets_105.csv
2021-12-19,0.04931826098781543,0.25983998083241744,2932606,corona_tweets_641.csv
2022-02-08,0.05789787049942028,0.26159093956646473,1845132,corona_tweets_692.csv
2022-12-10,0.04992877849353011,0.25875805520035283,607761,corona_tweets_997.csv
2021-09-08,0.059472328449681755,0.26339145152634896,2420003,corona_tweets_539.csv
2020-06-22,0.04951787636187307,0.2548453757930172,3730105,corona_tweets_96.csv
2021-12-12,0.05353002017809673,0.25615733864728013,1806656,corona_tweets_634.csv
2021-05-25,0.0689835108381496,0.25408392258042717,2600636,corona_tweets_433.csv
2021-08-06,0.055070746780079144,0.2562223186433409,3171987,corona_tweets_506.csv
2020-11-11,0.05174172117794264,0.26574979066405047,3156729,corona_tweets_238.csv
2020-05-05,0.06318501180482193,0.26090382397319284,2218774,corona_tweets_48.csv
2022-01-31,0.05708135589287335,0.26787969794924044,2279466,corona_tweets_684.csv
2022-07-07,0.03927746415891638,0.2780442733444083,914388,corona_tweets_841.csv
2022-04-25,0.059043642045054884,0.25509419100456693,824321,corona_tweets_768.csv
2022-09-11,0.036021393479097996,0.25379852617764953,464818,corona_tweets_907.csv
2021-03-07,0.055441550621450064,0.26993792662987137,2249733,corona_tweets_354.csv
2021-02-08,0.07501718100597145,0.2585877204663423,2631475,corona_tweets_327.csv
2021-06-15,0.05954790606419781,0.25539157500241694,1998621,corona_tweets_454.csv
2021-12-08,0.04020124319591486,0.2531769259501931,2494995,corona_tweets_630.csv
2021-02-13,0.05652152478147816,0.257790860781983,2008834,corona_tweets_332.csv
2022-03-12,0.038242116246979624,0.254742629717089,862108,corona_tweets_724.csv
2022-02-06,0.050681499588438046,0.26947108519442775,1370623,corona_tweets_690.csv
2020-06-01,0.033905928765051885,0.2510643431901656,3206132,corona_tweets_75.csv
2021-07-15,0.049836166366317894,0.2512566895738177,2544660,corona_tweets_484.csv
2022-06-15,0.05624015786243918,0.26080674214455213,892825,corona_tweets_819.csv
2021-08-22,0.04823926146404409,0.27080666090951155,1958737,corona_tweets_522.csv
2020-06-29,0.04872298975455252,0.26284665368576343,3880998,corona_tweets_103.csv
2020-08-30,0.05083666330956665,0.2445963972895046,3494658,corona_tweets_165.csv
2021-10-19,0.0570477718026137,0.26797847534910985,2072206,corona_tweets_580.csv
2021-07-14,0.04786697204772057,0.2533281137529323,2488859,corona_tweets_483.csv
2022-09-23,0.05922075502896378,0.25637217882146757,589120,corona_tweets_919.csv
2022-07-10,0.05212494805177976,0.2553521938772829,672820,corona_tweets_844.csv
2021-09-12,0.06359688788557295,0.26429340878191054,2273389,corona_tweets_543.csv
2021-03-17,0.03880357349497522,0.27012155214867234,2558837,corona_tweets_364.csv
2021-06-22,0.06554080206747799,0.25642527884098826,2020537,corona_tweets_461.csv
2020-07-30,0.05796682223118631,0.26610774083299726,3968762,corona_tweets_134.csv
2022-09-04,0.05303742223834397,0.250702893396396,583717,corona_tweets_900.csv
2022-07-17,0.0631363481986608,0.25888685492036206,739433,corona_tweets_851.csv
2020-05-01,0.06917480869669808,0.2536100033688973,2223013,corona_tweets_44.csv
2022-03-01,0.07669213109029865,0.2635865137837012,1252254,corona_tweets_713.csv
2020-09-15,0.05806730893006563,0.2695657213823851,3638935,corona_tweets_181.csv
2021-03-09,0.056666713565869345,0.27582090900476947,2310802,corona_tweets_356.csv
2022-01-17,0.04458158916467955,0.25494731729861975,2276494,corona_tweets_670.csv
2022-08-22,0.05053436495700893,0.24387741349799721,658728,corona_tweets_887.csv
2021-08-04,0.0502680802328262,0.26026074903287194,3449161,corona_tweets_504.csv
2021-06-21,0.0594730504364411,0.24599390037163094,2082099,corona_tweets_460.csv
2021-05-23,0.06102829050733779,0.2600245766109579,2511727,corona_tweets_431.csv
2020-12-09,0.050162488682331516,0.25777930079049716,3404086,corona_tweets_266.csv
2022-02-03,0.05265245311394811,0.2515769434950534,1855601,corona_tweets_687.csv
2021-10-20,0.05821227169333116,0.24892282337601387,2125391,corona_tweets_581.csv
2021-04-01,0.05448443161668141,0.2545596223886263,2473863,corona_tweets_379.csv
2021-05-16,0.06378463590294936,0.25530924087987217,2456088,corona_tweets_424.csv
2020-08-22,0.06789474891756558,0.2681327533839457,3583818,corona_tweets_157.csv
2021-02-04,0.06783214257938402,0.26097995862366286,2576055,corona_tweets_323.csv
2021-06-20,0.05955476873742898,0.25783592681961076,1494594,corona_tweets_459.csv
2021-12-24,0.043704977189843584,0.26985752181541284,2364394,corona_tweets_646.csv
2021-08-17,0.062316495465432616,0.2586762563790718,2816241,corona_tweets_517.csv
2022-06-06,0.0413317116787829,0.27256009209470394,1019777,corona_tweets_810.csv
2020-09-16,0.04995258458177051,0.25597554543657536,3839131,corona_tweets_182.csv
2022-09-03,0.05927399391017941,0.25338050659917,564893,corona_tweets_899.csv
2020-07-07,0.04044701820692066,0.258627841547975,4104245,corona_tweets_111.csv
2020-06-10,0.05172578016263486,0.25167039121967255,3068002,corona_tweets_84.csv
2020-04-20,0.05688912459172946,0.2654009985747562,2227579,corona_tweets_33.csv
2021-07-25,0.04571688968253254,0.2767876474335213,2516341,corona_tweets_494.csv
2022-07-02,0.05071361454294565,0.2779297349083933,678182,corona_tweets_836.csv
2021-05-12,0.06416860155973879,0.251654094817772,2963495,corona_tweets_420.csv
2022-06-07,0.04684449070479844,0.27219911884526676,802154,corona_tweets_811.csv
2020-04-28,0.052745856283353654,0.2591445465771085,2118853,corona_tweets_41.csv
2020-08-06,0.048984943371382664,0.25255426267801817,3839194,corona_tweets_141.csv
2020-09-14,0.040310936781036255,0.26801262672465,3590356,corona_tweets_180.csv
2020-08-25,0.05264941460710083,0.25550639751848103,3896212,corona_tweets_160.csv
2020-11-21,0.04768879610507167,0.27358404636542755,3302059,corona_tweets_248.csv
2022-04-12,0.043224225247012506,0.2706987019634755,1351312,corona_tweets_755.csv
2022-02-16,0.05245223730112257,0.25359896247881036,1501094,corona_tweets_700.csv
2021-11-12,0.05014348612240984,0.2578974867221396,1657923,corona_tweets_604.csv
2021-04-24,0.05320905919181634,0.2586425029975255,3565350,corona_tweets_402.csv
2020-11-09,0.09139170668084626,0.27422430770419814,3524228,corona_tweets_236.csv
2020-06-25,0.040487776319475616,0.2623116957528089,3883506,corona_tweets_99.csv
2022-05-06,0.03579524599415557,0.2613480108397605,1025144,corona_tweets_779.csv
2020-08-11,0.058242832384655954,0.2580951673156315,3838286,corona_tweets_146.csv
2021-06-27,0.050939191231368516,0.2641877459328312,1790828,corona_tweets_466.csv
2022-08-24,0.05323430827494961,0.25054741070931885,1140135,corona_tweets_889.csv
2020-08-27,0.05227386290922288,0.2565779699114872,3913091,corona_tweets_162.csv
2022-10-12,0.0428486118379562,0.25837594079071896,1178565,corona_tweets_938.csv
2021-07-13,0.04229552826813469,0.25071893634349063,2562066,corona_tweets_482.csv
2021-10-10,0.05396790320397987,0.25570360232897044,2031769,corona_tweets_571.csv
2022-09-26,0.05391150922185106,0.2557297051827078,802179,corona_tweets_923.csv
2022-05-21,0.04661262950179337,0.24502224712955764,782493,corona_tweets_794.csv
2020-12-29,0.048880031958043316,0.2606108153956835,3683098,corona_tweets_286.csv
2022-12-09,0.0648195565703769,0.26334896120118684,723264,corona_tweets_996.csv
2022-11-11,0.04312863360192404,0.2680340357981704,617185,corona_tweets_968.csv
2022-09-02,0.06052491460632855,0.24952335519773067,644613,corona_tweets_898.csv
2021-01-16,0.06565933960763023,0.25957235675816925,3348871,corona_tweets_304.csv
2022-08-10,0.05608985872734915,0.25100114415628255,634418,corona_tweets_875.csv
2022-11-15,0.055980667255199956,0.2607966392552817,664427,corona_tweets_972.csv
2021-07-21,0.04950487506858037,0.2523403615958625,3172117,corona_tweets_490.csv
2021-01-27,0.05597401353862111,0.25658431431695383,3215574,corona_tweets_315.csv
2020-10-24,0.050710944036691845,0.25988214083536176,3193236,corona_tweets_220.csv
2022-02-18,0.051383930455630056,0.2566414021367075,1409014,corona_tweets_702.csv
2022-03-15,0.05170245848300304,0.26186265597571584,1454042,corona_tweets_727.csv
2022-10-06,0.048465168901532796,0.2618053787196878,576889,corona_tweets_932.csv
2022-11-09,0.055800601180393886,0.2770840271112677,677408,corona_tweets_966.csv
2022-01-25,0.05250286121860099,0.2588918611594175,2357783,corona_tweets_678.csv
2022-04-16,0.06523149837192509,0.2609957721267837,655972,corona_tweets_759.csv
2020-09-08,0.0437859531245743,0.2497534054160685,3596199,corona_tweets_174.csv
2022-05-10,0.04722854683957973,0.254527392908679,951621,corona_tweets_783.csv
2020-12-15,0.070850093389673,0.2729844485028202,3292085,corona_tweets_272.csv
2021-11-06,0.05474298958824714,0.26060298969565565,1557600,corona_tweets_598.csv
2021-08-24,0.056712050509025315,0.25282090870207147,3096587,corona_tweets_524.csv
2021-07-22,0.045217384393001686,0.2563923158140491,3142297,corona_tweets_491.csv
2021-02-03,0.0717110566533425,0.2665472219874653,2915095,corona_tweets_322.csv
2022-01-20,0.06013641874328858,0.25260928724987297,2159107,corona_tweets_673.csv
2022-10-13,0.052133532095765205,0.2604085569136365,874958,corona_tweets_939.csv
2020-06-11,0.05529553770056575,0.25275989783797326,3261215,corona_tweets_85.csv
2020-11-17,0.06446297288874843,0.27336502301368015,3566213,corona_tweets_244.csv
2021-07-18,0.046105381700697015,0.250990175841505,2834000,corona_tweets_487.csv
2021-09-11,0.060037823776675846,0.2530664862341761,2437246,corona_tweets_542.csv
2021-12-14,0.05690933750053501,0.2554452861589516,2608509,corona_tweets_636.csv
2020-12-14,0.07326542377388523,0.2639526682567613,3278255,corona_tweets_271.csv
2021-09-10,0.05985648312706602,0.2676443756292905,3674509,corona_tweets_541.csv
2020-10-26,0.04066345431691317,0.2601890907757452,3339344,corona_tweets_222.csv
2022-06-05,0.030241099718464323,0.26492411159428975,691121,corona_tweets_809.csv
2021-05-09,0.06274399753156357,0.25581604005520875,2317867,corona_tweets_417.csv
2021-04-09,0.0654542298559681,0.25374488975719744,2517334,corona_tweets_387.csv
2022-11-21,0.050662865942434694,0.26008011829238636,654102,corona_tweets_978.csv
2022-04-27,0.05629746987813829,0.24576518580370757,1139530,corona_tweets_770.csv
2021-07-04,0.05838995988943307,0.2501358953674014,1533309,corona_tweets_473.csv
2021-11-11,0.05202003775355615,0.24844298923910824,1399270,corona_tweets_603.csv
2022-12-01,0.041467671496098965,0.2757493703883985,849413,corona_tweets_988.csv
2021-11-09,0.04784462036221121,0.25227102358112874,1914876,corona_tweets_601.csv
2020-04-03,0.048835615600148694,0.2660495427494007,612512,corona_tweets_16.csv
2020-07-14,0.06272078936754048,0.24853797920884416,4130726,corona_tweets_118.csv
2022-01-30,0.05697235819614073,0.27060249089192157,1632216,corona_tweets_683.csv
2021-03-27,0.05888196804821121,0.26162841291287764,1926796,corona_tweets_374.csv
2020-05-11,0.057515798153137905,0.25016488934065656,2216845,corona_tweets_54.csv
2021-11-22,0.06088750836021505,0.2614346998203509,1648181,corona_tweets_614.csv
2022-08-08,0.05339098633378212,0.2714368154228897,650378,corona_tweets_873.csv
2020-09-07,0.0404607547334768,0.25772521782507224,3428867,corona_tweets_173.csv
2021-07-10,0.03792669538282511,0.24283012609954716,2287425,corona_tweets_479.csv
2022-11-23,0.05052067976734164,0.2488447573418173,788527,corona_tweets_980.csv
2021-12-30,0.04800325320202373,0.2583437358421621,3467537,corona_tweets_652.csv
2020-06-05,0.04367638512909226,0.25545265961913344,3381184,corona_tweets_79.csv
2022-09-09,0.07108585520484131,0.2563479322418937,568018,corona_tweets_905.csv
2020-07-17,0.04342548954731189,0.24830224572277915,4014323,corona_tweets_121.csv
2021-10-24,0.060778050461485725,0.25390628018537575,1444159,corona_tweets_585.csv
2021-08-31,0.06169252573138868,0.26322603300742153,2444480,corona_tweets_531.csv
2021-09-05,0.05043588167392769,0.2620676027745101,2240358,corona_tweets_536.csv
2021-12-07,0.0517469605554908,0.2653730294011442,1938098,corona_tweets_629.csv
2022-03-24,0.05209801008515911,0.25599749708444763,1061025,corona_tweets_736.csv
2021-08-05,0.04664137500664297,0.2555763456425465,3525523,corona_tweets_505.csv
2020-06-12,0.048954733641547885,0.2700466668771503,3378901,corona_tweets_86.csv
2022-04-09,0.05832864575431266,0.24907825989195206,904504,corona_tweets_752.csv
2020-11-27,0.05043734966388303,0.2682963798167389,2463578,corona_tweets_254.csv
2022-01-15,0.047977530585089426,0.26404755344645103,2280782,corona_tweets_668.csv
2022-03-17,0.05631113830520349,0.26177297298250884,993804,corona_tweets_729.csv
2020-08-19,0.06427400557736487,0.25526945397134226,3534349,corona_tweets_154.csv
2020-10-05,0.03569629300395477,0.27313989229692853,4120708,corona_tweets_201.csv
2020-07-27,0.05112088232703264,0.25227474967864194,3889078,corona_tweets_131.csv
2021-10-09,0.0679889206938492,0.26801993572714317,1410813,corona_tweets_570.csv
2022-11-26,0.04233587606245025,0.25360037245451367,699722,corona_tweets_983.csv
2022-03-07,0.0573966224855196,0.26346263213793325,1150447,corona_tweets_719.csv
2020-09-13,0.031164577963039015,0.28106086310230016,3172727,corona_tweets_179.csv
2022-09-19,0.043821517016175884,0.24512802018387658,880543,corona_tweets_915.csv
2021-10-08,0.0722639876579938,0.27813789242653286,1411691,corona_tweets_569.csv
2021-07-06,0.05652933969420306,0.2563605835002593,2286009,corona_tweets_475.csv
2020-12-10,0.05659894569535385,0.2607165026894803,2875149,corona_tweets_267.csv
2020-03-23,0.020967784438667873,0.26283366524783325,1771295,corona_tweets_06.csv
2020-10-11,0.04311425847718411,0.2597986443206728,3555115,corona_tweets_207.csv
2020-11-28,0.037779623607652885,0.2700065226705619,2437566,corona_tweets_255.csv
2022-11-29,0.038173007657588735,0.25352020550569593,935028,corona_tweets_986.csv
2021-05-27,0.05070412524952703,0.2707239457568863,2767546,corona_tweets_435.csv
2020-07-05,0.03150349961842147,0.2599230538199268,3827904,corona_tweets_109.csv
2021-12-01,0.04969756071135234,0.2522514970647109,2521416,corona_tweets_623.csv
2022-02-24,0.04608573928174187,0.24446034465344862,1227673,corona_tweets_708.csv
2020-11-06,0.06543314780802965,0.25621710359201577,2514116,corona_tweets_233.csv
2020-12-06,0.050391351365120705,0.26014754926853767,4408239,corona_tweets_264.csv
2022-02-04,0.04598920508134047,0.2600782101127189,1757181,corona_tweets_688.csv
2022-03-25,0.05815748628576827,0.2610981349862301,876965,corona_tweets_737.csv
2021-02-15,0.06322835646587315,0.257431011974616,2461123,corona_tweets_334.csv
2020-08-10,0.04939599167807245,0.2664416211005883,3911443,corona_tweets_145.csv
2021-09-09,0.056603620133755625,0.2615722599560264,3199346,corona_tweets_540.csv
2022-08-18,0.04149319716576426,0.2579646836369876,763492,corona_tweets_883.csv
2022-01-05,0.04581435414031596,0.251674204268082,3411574,corona_tweets_658.csv
2022-03-14,0.04229141298014181,0.26103807609221064,1153878,corona_tweets_726.csv
2022-07-06,0.04826638678223101,0.26995173428221125,905057,corona_tweets_840.csv
2020-05-26,0.08177325900569206,0.285008628454756,3422960,corona_tweets_69.csv
2022-02-25,0.06570289395065211,0.25499229087622033,1003817,corona_tweets_709.csv
2021-08-29,0.054689976533091,0.2576594594402314,2335182,corona_tweets_529.csv
2021-02-18,0.06249046960487669,0.269699469303898,2442221,corona_tweets_337.csv
2021-03-10,0.08037279751308646,0.2767829553527124,2829317,corona_tweets_357.csv
2021-12-15,0.0574816212714364,0.25314239991917153,2722260,corona_tweets_637.csv
2022-08-07,0.04565520482862295,0.25943695644320885,628780,corona_tweets_872.csv
2021-01-06,0.04198978377556949,0.2570511811090231,3522571,corona_tweets_294.csv
2022-08-26,0.04973280673220156,0.2576622817293481,858016,corona_tweets_891.csv
2022-06-01,0.04577047725614147,0.2558236481358928,689834,corona_tweets_805.csv
2021-06-29,0.058637527750209514,0.26214792017250754,1979692,corona_tweets_468.csv
2021-12-02,0.053212447385348687,0.2556045413612883,2580070,corona_tweets_624.csv
2020-04-24,0.05624212514088429,0.2666433790086428,2338713,corona_tweets_37.csv
2021-04-27,0.05726392018685269,0.25356438199094955,3643677,corona_tweets_405.csv
2022-08-29,0.0664474852870868,0.25813947048584074,646297,corona_tweets_894.csv
2022-03-08,0.055823392710818945,0.25778400192252504,1213991,corona_tweets_720.csv
2022-02-27,0.05538011563887489,0.23719776947443813,948835,corona_tweets_711.csv
2020-06-24,0.023804759818086767,0.2651315443245942,3858387,corona_tweets_98.csv
2021-05-20,0.05335637662082268,0.26438372732108145,2676393,corona_tweets_428.csv
2022-11-20,0.055983161529217285,0.25418437473624256,551638,corona_tweets_977.csv
2020-04-05,0.04048922771443294,0.2849232676868479,717301,corona_tweets_18.csv
2022-08-31,0.04839187030427668,0.2515346783292396,701307,corona_tweets_896.csv
2022-04-13,0.028881241429586608,0.2927509096899959,1195636,corona_tweets_756.csv
2021-07-16,0.048777287205563985,0.2563859405618998,2836827,corona_tweets_485.csv
2021-12-16,0.05196911898725124,0.2539523059960459,2708552,corona_tweets_638.csv
2021-08-09,0.049986406695025735,0.26264640702581804,3338338,corona_tweets_509.csv
2021-03-02,0.057966537976600487,0.2646444549011792,2984593,corona_tweets_349.csv
2020-12-06,0.05379412906392299,0.2569421007989658,2052198,corona_tweets_263.csv
2021-02-28,0.07742745930888284,0.2677312174857153,2145457,corona_tweets_347.csv
2020-11-29,0.03900390341281624,0.26232148186527343,2570601,corona_tweets_256.csv
2021-04-04,0.06550397446999738,0.26244148041354975,2043719,corona_tweets_382.csv
2020-11-07,0.07461495901699797,0.26091332976650455,2998457,corona_tweets_234.csv
2020-05-19,0.058881734204442295,0.2623769993136551,3767009,corona_tweets_62.csv
2022-06-16,0.06403671114922034,0.2577894049075353,879603,corona_tweets_820.csv
2021-06-12,0.05956266812150905,0.24452450037134366,1644625,corona_tweets_451.csv
2022-11-04,0.04097041838760569,0.2511896053277981,692845,corona_tweets_961.csv
2020-10-25,0.034304017614095295,0.2623979949477421,3382538,corona_tweets_221.csv
2020-10-21,0.05574120795484238,0.2605507405563029,3211180,corona_tweets_217.csv
2022-02-19,0.04812817586467617,0.25945615718647186,1056134,corona_tweets_703.csv
2020-04-04,0.050546821343774605,0.28081562320866504,685560,corona_tweets_17.csv
2020-11-12,0.04838864474272235,0.26137668304475686,3664120,corona_tweets_239.csv
2022-04-14,0.047945065956586895,0.26519254579728296,1061116,corona_tweets_757.csv
2020-12-31,0.07112310304000258,0.2655287020282238,3528057,corona_tweets_288.csv
2020-05-24,0.06304066959802662,0.28038543476197764,3656446,corona_tweets_67.csv
2021-11-16,0.05729066369893737,0.25476079078993974,1679212,corona_tweets_608.csv
2022-09-25,0.0465991333011463,0.2824350511522713,592831,corona_tweets_921.csv
2021-09-15,0.05560072036958775,0.2621428401195834,2627401,corona_tweets_546.csv
2020-06-09,0.05822980343151557,0.25203781952157417,2984970,corona_tweets_83.csv
2022-05-23,0.05039965435536351,0.25744071109333594,1031958,corona_tweets_796.csv
2021-07-28,0.043310267446444124,0.25399189983751397,3223114,corona_tweets_497.csv
2022-01-18,0.06886761136927992,0.2682294647415977,2710592,corona_tweets_671.csv
2022-09-13,0.02949530406473776,0.2690096459271638,654504,corona_tweets_909.csv
2020-07-13,0.06348217265111285,0.2635283432209176,4045441,corona_tweets_117.csv
2021-03-16,0.05994720563400376,0.25089855372010217,2587367,corona_tweets_363.csv
2021-11-30,0.0503547996909916,0.2562793988539355,2327641,corona_tweets_622.csv
2022-10-26,0.03827138792225963,0.25409724293580904,599103,corona_tweets_952.csv
2020-09-03,0.049042732017941786,0.25702185683651807,3833791,corona_tweets_169.csv
2022-10-17,0.04287312744275652,0.2668395909492326,741154,corona_tweets_943.csv
2021-10-15,0.05349658709833828,0.2563239639414826,1871896,corona_tweets_576.csv
2022-10-25,0.05382388430057963,0.24785179790015854,1082596,corona_tweets_951.csv
2020-05-09,0.055685265372936756,0.2647098703756689,2273705,corona_tweets_52.csv
2020-12-17,0.0566576694482465,0.2629560114518475,3705804,corona_tweets_274.csv
2020-04-15,0.030612295245142154,0.2649670607168792,427088,corona_tweets_28.csv
2021-04-10,0.053281010771020244,0.26272507544664614,2241700,corona_tweets_388.csv
2020-12-13,0.06987141199523308,0.26075207526673855,2874190,corona_tweets_270.csv
2020-07-02,0.05156001649725037,0.2590092071774782,3563659,corona_tweets_106.csv
2022-04-05,0.06047118486147027,0.260380283489451,932282,corona_tweets_748.csv
2022-04-24,0.05319250734395004,0.25701025560661495,691898,corona_tweets_767.csv
2021-07-23,0.054829334278458555,0.25913832911902174,3006046,corona_tweets_492.csv
2020-03-20,0.044831092711137215,0.27721179295771503,773729,corona_tweets_03.csv
2020-07-04,0.047199881667109436,0.28258029534440804,4076176,corona_tweets_108.csv
2021-07-26,0.05582332259090202,0.26359347089799584,2764919,corona_tweets_495.csv
2022-12-04,0.052587592305825395,0.26510555975595634,707326,corona_tweets_991.csv
2022-12-11,0.029006824566536624,0.2600842774843639,763121,corona_tweets_998.csv
2022-09-05,0.057682824833027266,0.2530167324625984,603896,corona_tweets_901.csv
2022-08-05,0.04589027315000024,0.24505784638812797,801061,corona_tweets_870.csv
2021-09-27,0.05438186759014678,0.26172075677037493,2365010,corona_tweets_558.csv
2020-04-13,0.04009388416372925,0.2597013727690284,288277,corona_tweets_26.csv
2022-07-12,0.045207047021501676,0.258517781946149,908829,corona_tweets_846.csv
2021-05-21,0.06303073677367751,0.25873095946412134,2264112,corona_tweets_429.csv
2021-04-26,0.059823916332343414,0.2506843444686307,3780245,corona_tweets_404.csv
2022-02-05,0.051493824693099904,0.25172366743565294,1538817,corona_tweets_689.csv
2020-04-01,0.028266546911319593,0.2771261626374411,920076,corona_tweets_14.csv
2021-12-10,0.05012419680164406,0.2677561318737555,1698323,corona_tweets_632.csv
2022-02-17,0.06322009127826668,0.2648130066421994,1463302,corona_tweets_701.csv
2020-05-03,0.06048810693887096,0.26507006074547507,2266373,corona_tweets_46.csv
2022-04-22,0.05148326675308959,0.25452415464591593,862924,corona_tweets_765.csv
2021-02-24,0.061552569346398356,0.25939678837433333,2772135,corona_tweets_343.csv
2021-10-17,0.05573727832981246,0.2641428806139809,1462011,corona_tweets_578.csv
2020-11-08,0.0473731783696806,0.2774212771771898,2339099,corona_tweets_235.csv
2020-09-21,0.05779376532273576,0.2652170349952667,3647346,corona_tweets_187.csv
2021-01-15,0.05206955536966595,0.26955492716300145,3408359,corona_tweets_303.csv
2021-11-29,0.054888337431583174,0.2556334787912099,2183152,corona_tweets_621.csv
2022-03-20,0.05285583678489809,0.2652378891425957,895294,corona_tweets_732.csv
2022-09-01,0.04072373354177949,0.25603864686566563,759549,corona_tweets_897.csv
2021-10-16,0.05168020716609394,0.25701766951570665,1508992,corona_tweets_577.csv
2021-09-04,0.0469290688159219,0.27553690207135606,2234971,corona_tweets_535.csv
2020-10-07,0.043917702750244605,0.27961262821203525,4004487,corona_tweets_203.csv
2021-03-01,0.07875056987738668,0.2570458326435155,2513558,corona_tweets_348.csv
2020-09-20,0.06182949953287185,0.2743257889689131,2717488,corona_tweets_186.csv
2020-09-04,0.05506025908719972,0.2598170321377665,3189110,corona_tweets_170.csv
2021-05-06,0.06538085851244717,0.26133971732298716,3149400,corona_tweets_414.csv
2021-10-03,0.05453161441967793,0.2578820484831134,1739268,corona_tweets_564.csv
2022-10-29,0.05591936462698757,0.25847980517916996,704836,corona_tweets_955.csv
2021-11-04,0.056303955107678945,0.2631878041845781,1878170,corona_tweets_596.csv
2022-01-22,0.04722793238486874,0.26542511322194795,2113017,corona_tweets_675.csv
2022-10-04,0.05489311321087571,0.2555616117055276,574428,corona_tweets_930.csv
2021-11-03,0.043136870977269134,0.2838804647438698,1677029,corona_tweets_595.csv
2022-01-07,0.0481345352412611,0.2640124572038329,3362467,corona_tweets_660.csv
2021-03-14,0.06425924311816851,0.2614653164687473,2249082,corona_tweets_361.csv
2020-04-07,0.046687654008014924,0.28380850086184184,554012,corona_tweets_20.csv
2022-04-11,0.04828355561539342,0.2584810290820527,1074254,corona_tweets_754.csv
2021-07-03,0.06042974345204706,0.25165546286257273,1394830,corona_tweets_472.csv
2022-08-02,0.04567762899545361,0.2598358429927316,789297,corona_tweets_867.csv
2021-02-23,0.06371559463408574,0.2692000739423204,2918788,corona_tweets_342.csv
2021-03-25,0.0567302870639611,0.2558715065033422,2430832,corona_tweets_372.csv
2022-04-10,0.05233696482833404,0.26473466390473965,957397,corona_tweets_753.csv
2021-04-03,0.07107427142471484,0.2620585263410392,2157365,corona_tweets_381.csv
2022-04-30,0.051786253348891524,0.24671129021530694,774914,corona_tweets_773.csv
2020-06-21,0.04502587318917395,0.2731431665415266,3352643,corona_tweets_95.csv
2021-11-15,0.05324038201160149,0.2577830154647363,1525700,corona_tweets_607.csv
2020-09-24,0.04811878212484682,0.2473312586682817,3469386,corona_tweets_190.csv
2021-11-13,0.056586929248532626,0.2656931576333976,1551456,corona_tweets_605.csv
2021-08-16,0.04922510482125132,0.25710091641593835,2184974,corona_tweets_516.csv
2022-11-25,0.05408379081140544,0.2458065117134755,705406,corona_tweets_982.csv
2021-09-06,0.061628244930235034,0.26038444680546496,2147731,corona_tweets_537.csv
2021-09-30,0.045018831813363365,0.25017826570865576,2038891,corona_tweets_561.csv
2020-09-25,0.05078579717551698,0.26602622934957193,2943510,corona_tweets_191.csv
2020-07-26,0.051910166252688475,0.24859900450058534,3399349,corona_tweets_130.csv
2022-03-22,0.05642589124352615,0.24796985648995576,1116342,corona_tweets_734.csv
2022-12-03,0.03519079307217455,0.27266510344742795,650877,corona_tweets_990.csv
2021-11-28,0.04763700756884994,0.2531467193212369,2159034,corona_tweets_620.csv
2020-07-15,0.043644610460901845,0.253028531780994,4106648,corona_tweets_119.csv
2022-07-24,0.0501935177584514,0.25653131075216906,682079,corona_tweets_858.csv
2021-10-30,0.05496897977137598,0.26457571471546615,1283017,corona_tweets_591.csv
2020-09-28,0.028204326199201057,0.2880106904773142,2828438,corona_tweets_194.csv
2020-05-12,0.05139752068842712,0.2576444158474414,2264472,corona_tweets_55.csv
2021-06-13,0.03543722258066358,0.25528924275988624,1825748,corona_tweets_452.csv
2022-03-06,0.0620212237426314,0.26059510238369404,841981,corona_tweets_718.csv
2022-10-09,0.05650460281580147,0.2395430131115377,657337,corona_tweets_935.csv
2022-12-13,0.06315702956407555,0.25935446801853385,903261,corona_tweets_1000.csv
2021-06-14,0.05299388784337401,0.26413110436720116,1993867,corona_tweets_453.csv
2022-05-07,0.038515591293971585,0.250663697213584,859563,corona_tweets_780.csv
2022-10-15,0.042311699721495,0.26144847681955347,620669,corona_tweets_941.csv
2022-11-14,0.04986185266029514,0.2575362510570526,663291,corona_tweets_971.csv
2020-12-08,0.06612132455701465,0.2602491146515435,3653032,corona_tweets_265.csv
2022-08-17,0.04804913799867717,0.25260925688744806,709587,corona_tweets_882.csv
2020-11-23,0.06024430081276065,0.2718628580667974,3405513,corona_tweets_250.csv
2020-10-03,0.05730202922727816,0.25841005539351414,4263630,corona_tweets_199.csv
2021-06-10,0.06252287580136555,0.26058646122148804,2195729,corona_tweets_449.csv
2021-06-26,0.04878196514095903,0.26067159748581914,1736779,corona_tweets_465.csv
2020-07-06,0.020581081846692058,0.2719844704065786,3991881,corona_tweets_110.csv
2021-09-26,0.05790410298045636,0.26106366572195044,1604295,corona_tweets_557.csv
2022-06-14,0.06462711791692113,0.2619727374891415,839976,corona_tweets_818.csv
2022-07-25,0.04688569523536175,0.26081649894443676,805074,corona_tweets_859.csv
2020-11-05,0.06445431173017345,0.2550227542212524,2781918,corona_tweets_232.csv
2020-12-28,0.04371922527813904,0.27130127154487954,3902378,corona_tweets_285.csv
2022-06-21,0.06763973007398577,0.2520007062297141,860788,corona_tweets_825.csv
2020-06-06,0.03485200637111969,0.24943738141558305,3194500,corona_tweets_80.csv
2021-04-08,0.050863594906272146,0.2676650194254578,2993795,corona_tweets_386.csv
2022-06-30,0.046195947883450876,0.270124441868642,698986,corona_tweets_834.csv
2021-06-18,0.05677481230344612,0.263657593085354,1776114,corona_tweets_457.csv
2022-10-16,0.04349169344975774,0.2670749595957886,581908,corona_tweets_942.csv
2020-10-19,0.05536850294826863,0.26881238253697015,3495131,corona_tweets_215.csv
2021-07-19,0.049950662959651636,0.259179498852955,3252210,corona_tweets_488.csv
2020-07-25,0.04676070425024222,0.24566812103414598,3512553,corona_tweets_129.csv
2021-07-29,0.045104329797553896,0.2509768280438789,3363142,corona_tweets_498.csv
2020-11-30,0.05649209398564912,0.2666732708260704,3144302,corona_tweets_257.csv
2021-09-01,0.056277324133672826,0.26703314710484816,2763624,corona_tweets_532.csv
2021-04-30,0.06425936474942973,0.25976152105619,2319453,corona_tweets_408.csv
2022-05-13,0.05415226207573597,0.263288799862509,1026560,corona_tweets_786.csv
2021-03-18,0.051784712280050466,0.2580572279340161,2505267,corona_tweets_365.csv
2021-11-23,0.0533867281758488,0.27225240606231077,1499581,corona_tweets_615.csv
2022-07-13,0.04242349641513052,0.2626059493281422,1015808,corona_tweets_847.csv
2020-06-15,0.03923896001494741,0.2899328752474903,3837552,corona_tweets_89.csv
2021-08-11,0.042240981419640285,0.2757727684894872,3342272,corona_tweets_511.csv
2021-12-27,0.04741571298048123,0.26219366104204306,2828641,corona_tweets_649.csv
2022-10-28,0.05405195586918744,0.25941633846839185,842394,corona_tweets_954.csv
2021-10-02,0.05007944627374639,0.2650569874028179,2108962,corona_tweets_563.csv
2022-12-05,0.04383778388575611,0.2430675297570136,844212,corona_tweets_992.csv
2021-11-05,0.06336134271871484,0.2620286421230934,1913096,corona_tweets_597.csv
2022-09-30,0.05470621664282532,0.262011145197573,660993,corona_tweets_926.csv
2020-04-12,0.04854144512505499,0.28901216373105204,477182,corona_tweets_25.csv
2020-04-09,0.053489701363560765,0.2712616560147931,517718,corona_tweets_22.csv
2022-05-01,0.020371072866776824,0.2846909365898761,854740,corona_tweets_774.csv
2022-07-20,0.06076473551493578,0.2507919659679234,869218,corona_tweets_854.csv
2021-08-07,0.037465124377785985,0.2799989885233188,2919025,corona_tweets_507.csv
2022-05-14,0.059914913912001315,0.2657824669414818,828377,corona_tweets_787.csv
2022-11-10,0.06412202006137481,0.27864064303433,629081,corona_tweets_967.csv
2022-07-28,0.04414122698154134,0.2506666349411028,869574,corona_tweets_862.csv
2022-11-28,0.02546574395135201,0.25728665322742267,1024130,corona_tweets_985.csv
2021-02-12,0.07524447919863687,0.26462498215464497,2569535,corona_tweets_331.csv
2020-06-07,0.02402877387532506,0.2895718961619334,2768780,corona_tweets_81.csv
2022-03-09,0.054629165073572024,0.25210912175553124,1124163,corona_tweets_721.csv
2020-04-26,0.05372613130975594,0.2618834015086032,2348827,corona_tweets_39.csv
2021-06-24,0.06867491190861577,0.260383814176831,1826716,corona_tweets_463.csv
2021-07-05,0.05415119664423897,0.25907993636367743,2092808,corona_tweets_474.csv
2020-10-20,0.052571558127166976,0.25717484288326065,3474414,corona_tweets_216.csv
2021-03-05,0.07319154433679448,0.25489573253954934,2768332,corona_tweets_352.csv
2021-07-11,0.03407942309395075,0.24747649944460232,2564105,corona_tweets_480.csv
2022-06-20,0.07099053710749116,0.2568847480027538,750621,corona_tweets_824.csv
2021-05-26,0.05247749798498481,0.25129989703184724,2914018,corona_tweets_434.csv
2022-08-27,0.04912705608677615,0.25478413516022014,407410,corona_tweets_892.csv
2021-07-20,0.048220139042769554,0.2662545584678303,3209181,corona_tweets_489.csv
2022-05-20,0.051882549608834955,0.25130453945876263,915993,corona_tweets_793.csv
2022-08-30,0.06730213908892663,0.25707807620103545,749587,corona_tweets_895.csv
2020-03-22,0.043512835753537926,0.27691517816610056,1782157,corona_tweets_05.csv
2021-04-05,0.07877036666569384,0.29508217030761813,2879012,corona_tweets_383.csv
2022-11-06,0.04566744405639876,0.2718230425483044,676646,corona_tweets_963.csv
2020-10-14,0.049005079359498195,0.2559116728020163,3530338,corona_tweets_210.csv
2022-02-23,0.04777053820576778,0.25032293093926034,1298018,corona_tweets_707.csv
2022-07-26,0.05250816060062845,0.25851565274577626,897913,corona_tweets_860.csv
2021-10-06,0.05859687894313004,0.25305228921722833,2075883,corona_tweets_567.csv
2020-12-11,0.058341137323475935,0.25518726874347464,3190245,corona_tweets_268.csv
2022-03-27,0.05531438919502027,0.25710599069794604,808591,corona_tweets_739.csv
2021-12-26,0.04847175239334999,0.2558126423970279,2046472,corona_tweets_648.csv
2020-10-12,0.04695304946407844,0.27206967083351274,3836485,corona_tweets_208.csv
2022-11-07,0.03719532045032476,0.25054734384055816,743537,corona_tweets_964.csv
2022-02-20,0.0641704906785535,0.26086009822222767,1351595,corona_tweets_704.csv
2022-06-02,0.06241581583100782,0.25491876927533813,809387,corona_tweets_806.csv
2020-09-09,0.046508484095382815,0.25526468091285326,3983190,corona_tweets_175.csv
2021-10-25,0.05704555527456596,0.2538090709629369,1742861,corona_tweets_586.csv
2021-11-24,0.05026539054226376,0.2649666838478173,1714186,corona_tweets_616.csv
2020-09-30,0.049607754108103856,0.2579656183729092,2625574,corona_tweets_196.csv
2022-05-02,0.0444170737325162,0.2417053855861531,947982,corona_tweets_775.csv
2020-06-17,0.056533747953974284,0.25607620973783557,3688348,corona_tweets_91.csv
2021-12-31,0.06317136097983801,0.26281522427731324,2949532,corona_tweets_653.csv
2022-07-23,0.05912303193705218,0.2533770144035587,720200,corona_tweets_857.csv
2021-07-31,0.03799846251609021,0.2677537399605747,2966261,corona_tweets_500.csv
2020-10-28,0.03957568732152006,0.2542910333606619,2865014,corona_tweets_224.csv
2020-04-23,0.0585170883727268,0.2663010601735788,2201138,corona_tweets_36.csv
2020-04-30,0.071290839554384,0.26228364722609715,2184439,corona_tweets_43.csv
2021-12-17,0.053748474179519445,0.251482474151793,2998241,corona_tweets_639.csv
2021-12-13,0.0554632893784577,0.2574462245623488,2265673,corona_tweets_635.csv
2022-09-15,0.05735102706084407,0.2505917193665386,631269,corona_tweets_911.csv
2021-10-26,0.06464154423079084,0.25281231968655454,1731870,corona_tweets_587.csv
2021-06-08,0.0728123354175754,0.2601091572873537,1964917,corona_tweets_447.csv
2022-10-31,0.044121801156933205,0.27255209550258475,819619,corona_tweets_957.csv
2020-08-12,0.04317462300691604,0.2650488079319864,3624028,corona_tweets_147.csv
2021-03-30,0.05579195563866538,0.25695252239045474,3011381,corona_tweets_377.csv
2022-08-11,0.059307828235270844,0.24560338631711223,655064,corona_tweets_876.csv
2022-05-04,0.03350091907664428,0.28017170707654904,1230338,corona_tweets_777.csv
2020-12-19,0.05118342810828801,0.25965740124359366,3172974,corona_tweets_276.csv
2020-10-04,0.048562171083436745,0.2615514389697532,4029468,corona_tweets_200.csv
2020-10-13,0.06279607478129061,0.2610916713196437,3773010,corona_tweets_209.csv
2021-10-13,0.056157982979100206,0.25855627464172387,2035278,corona_tweets_574.csv
2021-03-08,0.06714223939611814,0.2820890613412451,2206490,corona_tweets_355.csv
2022-03-16,0.05065760615129944,0.26145402934822526,876675,corona_tweets_728.csv
2022-02-26,0.06468226781107837,0.25964363732090046,832337,corona_tweets_710.csv
2021-05-29,0.07377941773278128,0.26798603689629463,2430091,corona_tweets_437.csv
2021-10-07,0.06841578639836754,0.2556744631650567,2338335,corona_tweets_568.csv
2022-09-08,0.05640020812179249,0.25298777974793846,607407,corona_tweets_904.csv
2022-01-06,0.04458611499735245,0.26037211611023775,3029310,corona_tweets_659.csv
2022-10-11,0.03190795368656659,0.23728752101177408,848355,corona_tweets_937.csv
2020-11-24,0.05440187749138047,0.27071264506135134,3172136,corona_tweets_251.csv
2022-10-08,0.047183009265819954,0.24928414289766804,640932,corona_tweets_934.csv
2022-03-04,0.05169424588899008,0.2529805669198358,1086331,corona_tweets_716.csv
2021-08-14,0.047432298948110165,0.2635222781151816,2544446,corona_tweets_514.csv
2020-12-27,0.044804186978808155,0.2863178414172503,2769961,corona_tweets_284.csv
2022-09-22,0.04640926789557755,0.24774824542941606,628849,corona_tweets_918.csv
2021-05-02,0.06541705752224375,0.2615166677443632,2677861,corona_tweets_410.csv
2022-03-11,0.056021982974620216,0.24993822301096957,1081704,corona_tweets_723.csv
2022-10-07,0.061726737581796094,0.2600820336188227,620876,corona_tweets_933.csv
2021-02-06,0.05618578337279376,0.2635127600964589,2231704,corona_tweets_325.csv
2020-04-17,0.05099155424206375,0.2700922728183457,392847,corona_tweets_30.csv
2021-06-02,0.05717540847600419,0.2489161209669186,2466702,corona_tweets_441.csv
2020-06-04,0.049809604732975174,0.23559058925657345,2205123,corona_tweets_78.csv
2021-10-12,0.052527481684698424,0.2639078923366503,2647110,corona_tweets_573.csv
2020-07-11,0.05242204173646553,0.253752112065726,3746316,corona_tweets_115.csv
2020-10-30,0.04562539480561787,0.26803069407242575,3428783,corona_tweets_226.csv
2020-08-02,0.06138616550933231,0.25341771146952013,3748433,corona_tweets_137.csv
2021-09-28,0.05228246189089114,0.25583282714059513,2381940,corona_tweets_559.csv
2021-01-25,0.0633194318893734,0.2601460419559272,2829646,corona_tweets_313.csv
2022-05-31,0.055065634605397554,0.25211313453223405,671571,corona_tweets_804.csv
2021-11-19,0.05704076479171827,0.269555671823829,1429612,corona_tweets_611.csv
2021-09-22,0.06093343697186319,0.2693227674903083,2323202,corona_tweets_553.csv
2022-04-04,0.055820398317609224,0.2887595309732723,952556,corona_tweets_747.csv
2021-05-18,0.056991680662509175,0.2604219879522587,2990851,corona_tweets_426.csv
2021-02-09,0.07157435517409608,0.25826219530111305,2556548,corona_tweets_328.csv
2022-09-24,0.05496594070875564,0.26695045365241393,562912,corona_tweets_920.csv
2022-09-12,0.035760994433157306,0.26293411833728636,621156,corona_tweets_908.csv
2022-11-12,0.049767231682553356,0.2556826240848441,597136,corona_tweets_969.csv
2022-07-30,0.055798124507941166,0.24843956221927005,804010,corona_tweets_864.csv
2021-04-02,0.06411773870043845,0.25549356104079113,2324899,corona_tweets_380.csv
2022-10-20,0.019800763493306294,0.2650746065285129,1037139,corona_tweets_946.csv
2022-03-13,0.04445948620118382,0.26221906625556934,955834,corona_tweets_725.csv
2021-09-20,0.07544472105996214,0.27030294866849486,2790068,corona_tweets_551.csv
2022-01-24,0.06050075575019167,0.25990567062087855,2353432,corona_tweets_677.csv
2021-01-17,0.04885855322647536,0.26471577588147116,2764179,corona_tweets_305.csv
2020-12-22,0.05171536356594812,0.2671171024082948,3936226,corona_tweets_279.csv
2021-07-08,0.05101612875497249,0.2483606856159473,2276751,corona_tweets_477.csv
2022-01-19,0.07206351800074796,0.26411968448470496,2916426,corona_tweets_672.csv
2021-01-24,0.06895411005005381,0.25260208570532194,3146166,corona_tweets_312.csv
2021-03-06,0.06248243147311587,0.25853360569323347,2406706,corona_tweets_353.csv
2020-05-20,0.05218450653593322,0.2622915470800941,3790455,corona_tweets_63.csv
2020-12-03,0.06588868767352539,0.2656583209863295,3398579,corona_tweets_260.csv
2021-03-24,0.0625228815338356,0.2586849483938884,2488061,corona_tweets_371.csv
2022-07-29,0.04858113467272607,0.24045327840360012,777573,corona_tweets_863.csv
2021-03-04,0.057598468398915394,0.25746281880075544,2824415,corona_tweets_351.csv
2021-09-14,0.059955725521797766,0.2565682524959998,2904091,corona_tweets_545.csv
2022-03-18,0.05613821590017771,0.24897944441191983,1003148,corona_tweets_730.csv
2021-01-20,0.06547641274895512,0.26063591090072064,2565068,corona_tweets_308.csv
2021-09-02,0.04061997115151451,0.27374005412522234,2938858,corona_tweets_533.csv
2022-02-09,0.04815501116436309,0.2666155742298852,2001047,corona_tweets_693.csv
2021-02-19,0.07305862912309694,0.26579599741277316,2323399,corona_tweets_338.csv
2022-06-10,0.04594462641384606,0.26817137096195404,722675,corona_tweets_814.csv
2020-09-06,0.050023055066270965,0.25461781713371734,2742674,corona_tweets_172.csv
2020-08-05,0.054574254800002366,0.25060425105859135,3770597,corona_tweets_140.csv
2020-09-05,0.04887933606361117,0.2657090278496107,2736116,corona_tweets_171.csv
2022-10-22,0.04352655471271749,0.25806167551790743,705323,corona_tweets_949.csv
2020-04-08,0.06000497282065197,0.25343854085620793,589679,corona_tweets_21.csv
2020-07-16,0.029014406890468462,0.25467675673673695,4083573,corona_tweets_120.csv
2022-09-16,0.05047631994274477,0.2672892918504142,570205,corona_tweets_912.csv
2022-07-08,0.04849589554533322,0.25485694667961334,886670,corona_tweets_842.csv
2020-12-16,0.04639156314612464,0.2673933203543317,3513604,corona_tweets_273.csv
2022-06-27,0.05862938711690819,0.2515169108361321,642710,corona_tweets_831.csv
2022-01-26,0.05634870411180412,0.25861521562234635,2090226,corona_tweets_679.csv
2021-11-26,0.06295510545802725,0.24150875738934832,2126407,corona_tweets_618.csv
2022-04-26,0.06079405629666949,0.2506209898625989,1039040,corona_tweets_769.csv
2021-03-19,0.060163976557654215,0.2633275921769999,2341284,corona_tweets_366.csv
2020-05-23,0.05249402654866312,0.261882025146712,3477564,corona_tweets_66.csv
2020-06-02,0.0376082682130128,0.248863704214943,3206417,corona_tweets_76.csv
2021-10-01,0.05453918318765666,0.25938014358177947,1908122,corona_tweets_562.csv
2022-07-14,0.0552820135117927,0.25299118318954955,905634,corona_tweets_848.csv
2021-05-14,0.06802966294804627,0.25295988320097473,3062776,corona_tweets_422.csv
2020-07-09,0.0386653723820162,0.25546252414959014,3912560,corona_tweets_113.csv
2020-08-21,0.06051569912989663,0.25203038418131646,3962927,corona_tweets_156.csv
2020-05-15,0.05955525716415509,0.25706469128869175,2214205,corona_tweets_58.csv
2021-02-01,0.06819339833280745,0.2544755283144493,2956475,corona_tweets_320.csv
2022-04-23,0.05446960188755977,0.2599375529337152,711205,corona_tweets_766.csv
2021-08-25,0.055404211069016086,0.2533721194438464,3008014,corona_tweets_525.csv
2021-02-02,0.05642311601675327,0.2568241945689357,3116415,corona_tweets_321.csv
2022-01-12,0.043730518368210736,0.2552808588336885,3230398,corona_tweets_665.csv
2022-08-04,0.05137820435375339,0.24874037173106606,635797,corona_tweets_869.csv
2021-10-14,0.05325812515878296,0.2613996682994847,1947759,corona_tweets_575.csv
2021-11-10,0.05526062282799512,0.24528395446656845,1610172,corona_tweets_602.csv
2021-06-17,0.0668241337948662,0.25947768264110604,1720542,corona_tweets_456.csv
2021-04-28,0.06477564824178868,0.26003571176033996,3590871,corona_tweets_406.csv
2021-08-20,0.04641977599475268,0.2536047306686963,2922324,corona_tweets_520.csv
2022-05-26,0.05431070117458212,0.2571014101099396,829480,corona_tweets_799.csv
2021-07-07,0.049678138329541356,0.2526337481919948,2212384,corona_tweets_476.csv
2022-06-22,0.056583025321859284,0.2601102006619914,881638,corona_tweets_826.csv
2020-12-30,0.054627137580529526,0.2631073197733057,3977023,corona_tweets_287.csv
2022-11-08,0.05231815811302913,0.25623352933203314,695386,corona_tweets_965.csv
2021-02-26,0.04846011436176329,0.2571239969403632,2544887,corona_tweets_345.csv
2022-07-22,0.055964271489695856,0.26119971780159484,1019541,corona_tweets_856.csv
2021-04-06,0.0571061392273808,0.2541848423070816,3187888,corona_tweets_384.csv
2021-04-21,0.0629711644464573,0.2529804466177956,3062845,corona_tweets_399.csv
2022-10-22,0.04279216479631412,0.2634220200498683,618625,corona_tweets_948.csv
2020-12-04,0.06374818336118876,0.26533205813616967,3107132,corona_tweets_261.csv
2022-10-21,0.04716288011813262,0.2514930038603095,725518,corona_tweets_947.csv
2020-09-27,0.052378243796732435,0.2549620495087173,2349966,corona_tweets_193.csv
2020-06-26,0.04465039962348678,0.2695481182847764,3941476,corona_tweets_100.csv
2021-04-22,0.0504494056253092,0.26599269682101984,3302982,corona_tweets_400.csv
2021-02-05,0.07234006279161365,0.2553615739656717,2496120,corona_tweets_324.csv
2021-02-22,0.0651155949402761,0.2655325909341717,2905423,corona_tweets_341.csv
2022-12-08,0.035209639763506544,0.25811640640243466,774614,corona_tweets_995.csv
2022-12-07,0.03003666568130062,0.2524412959177566,891190,corona_tweets_994.csv
2020-06-23,0.03475756702022045,0.2564273591298739,3936238,corona_tweets_97.csv
2022-10-02,0.05509148572284445,0.2569678770325013,576846,corona_tweets_928.csv
2022-05-11,0.04652345596949187,0.25399430048084265,936053,corona_tweets_784.csv
2022-10-03,0.056433844814343985,0.2595252921262689,654699,corona_tweets_929.csv
2020-05-07,0.057393778112258466,0.26246869933266026,2203686,corona_tweets_50.csv
2020-04-11,0.05767681843459861,0.28179963524427304,497655,corona_tweets_24.csv
