date,sentiment_mean,sentiment_volatility,tweet_volume,StringencyIndex_Average,vol_smooth,str_smooth
2020-03-19,-0.0061657310823133,0.2943170198989148,831327.0,48.37833333333333,,
2020-03-20,0.0337672611863553,0.2783796490871262,1644653.0,51.93,,
2020-03-21,0.0277222529281642,0.2829803241767618,1233340.0,57.79333333333333,,
2020-03-22,0.0435128357535379,0.2769151781661005,1782157.0,60.26333333333333,,
2020-03-23,0.0209677844386678,0.2628336652478332,1771295.0,67.67166666666667,,
2020-03-24,0.02565746227811,0.25291191571248,1479651.0,72.22500000000001,,
2020-03-25,0.0328675890385215,0.2730381322422028,1272592.0,72.84166666666665,0.27448226921877417,61.58619047619048
2020-03-26,0.049188180833082,0.2735326449585593,1091429.0,75.31166666666667,0.27151307279872344,65.43380952380951
2020-03-27,0.0451545026291661,0.26787317969596,1172013.0,78.39833333333333,0.27001214859998535,69.215
2020-03-28,0.0674948354133031,0.295203456595616,1141210.0,79.94166666666666,0.2717583103741074,72.37904761904763
2020-03-29,0.0674948354133031,0.295203456595616,1141210.0,79.94166666666666,0.2743709215783239,75.19023809523809
2020-03-30,0.0660991218074219,0.2773595176933755,792417.0,79.94166666666666,0.2764460433562585,76.94309523809524
2020-03-31,0.0481977261137066,0.2586796171119321,1029294.0,79.94166666666666,0.2772700006990374,78.04547619047618
2020-04-01,0.0282665469113195,0.2771261626374411,920076.0,80.25,0.27785400504121427,79.10380952380952
2020-04-02,0.0505944914390986,0.2650292992945589,826271.0,80.55833333333334,0.2766392413749285,79.85333333333334
2020-04-03,0.0488356156001486,0.2660495427494007,612512.0,80.55833333333334,0.2763787218111343,80.16190476190476
2020-04-04,0.0505468213437746,0.280815623208665,685560.0,80.25,0.2743233170415699,80.20595238095237
2020-04-05,0.0404892277144329,0.2849232676868479,717301.0,80.25,0.2728547186260316,80.25
2020-04-06,0.0316888152914312,0.2939136132276066,722921.0,81.175,0.27521958941663605,80.42619047619048
2020-04-07,0.0466876540080149,0.2838085008618418,554012.0,81.175,0.27880942995233743,80.60238095238095
2020-04-08,0.0600049728206519,0.2534385408562079,589679.0,81.175,0.2754254839835898,80.73452380952381
2020-04-09,0.0534897013635607,0.2712616560147931,517718.0,81.175,0.276315820657909,80.82261904761904
2020-04-10,0.0577824000338189,0.2829057962315224,601199.0,81.175,0.2787238568696407,80.91071428571429
2020-04-11,0.0576768184345986,0.281799635244273,497655.0,81.175,0.27886443001758465,81.04285714285713
2020-04-12,0.0485414451250549,0.289012163731052,477182.0,81.175,0.2794485580238995,81.175
2020-04-13,0.0400938841637292,0.2597013727690284,288277.0,81.175,0.2745610951012455,81.175
2020-04-14,0.0437449416566272,0.2623155820436613,515739.0,81.175,0.2714906781272197,81.175
2020-04-15,0.0306122952451421,0.2649670607168792,427088.0,80.55666666666666,0.273137609535887,81.08666666666667
2020-04-16,0.0424331623821701,0.2685027943407473,433368.0,80.55666666666666,0.2727434864395948,80.99833333333332
2020-04-17,0.0509915542420637,0.2700922728183457,392847.0,80.55666666666666,0.2709129830948553,80.91
2020-04-18,0.0640720509495887,0.2670703464061053,2671818.0,80.55666666666666,0.268808798975117,80.82166666666667
2020-04-19,0.0564776328053316,0.2626806325928798,2393006.0,80.55666666666666,0.26504715166966386,80.73333333333333
2020-04-20,0.0568891245917294,0.2654009985747562,2227579.0,80.55666666666666,0.265861383927625,80.64499999999998
2020-04-21,0.0579660764937847,0.2586935486668787,2211689.0,80.55666666666666,0.26534395058808463,80.55666666666666
2020-04-22,0.0595826173153181,0.2608269671378021,2265189.0,80.55666666666666,0.2647525086482165,80.55666666666666
2020-04-23,0.0585170883727268,0.2663010601735788,2201138.0,80.55666666666666,0.2644379751957638,80.55666666666666
2020-04-24,0.0562421251408842,0.2666433790086428,2338713.0,80.55666666666666,0.26394527608009194,80.55666666666666
2020-04-25,0.0467576625664936,0.2623786124419973,1981835.0,80.55666666666666,0.2632750283709337,80.55666666666666
2020-04-26,0.0537261313097559,0.2618834015086032,2348827.0,80.55666666666666,0.263161138216037,80.55666666666666
2020-04-27,0.0581828134198368,0.2511933561981639,2212216.0,80.55666666666666,0.261131475019381,80.55666666666666
2020-04-28,0.0527458562833536,0.2591445465771085,2118853.0,79.01333333333334,0.26119590329227094,80.33619047619047
2020-04-29,0.059621287838088,0.260682987039253,2390703.0,78.395,0.2611753347067639,80.02738095238094
2020-04-30,0.071290839554384,0.2622836472260971,2184439.0,78.395,0.2606014185714094,79.71857142857142
2020-05-01,0.069174808696698,0.2536100033688973,2223013.0,78.395,0.25873950776573146,79.40976190476191
2020-05-02,0.062953551722836,0.2558790910321,2216553.0,78.395,0.2578110047071747,79.10095238095236
2020-05-03,0.0604881069388709,0.265070060745475,2266373.0,78.395,0.25826624174101354,78.79214285714285
2020-05-04,0.0593090359445948,0.2538801365933308,2227489.0,78.395,0.2586500675117517,78.48333333333333
2020-05-05,0.0631850118048219,0.2609038239731928,2218774.0,78.395,0.25890139285404945,78.395
2020-05-06,0.0551724018684284,0.26995017957678,2164251.0,78.395,0.2602252775022676,78.395
2020-05-07,0.0573937781122584,0.2624686993326602,2203686.0,78.395,0.2602517135174909,78.395
2020-05-08,0.0667932219408026,0.2741059217344991,2250019.0,78.395,0.263179701855434,78.395
2020-05-09,0.0556852653729367,0.2647098703756689,2273705.0,78.395,0.2644412417616581,78.395
2020-05-10,0.0545794763566238,0.26084173032309,2208264.0,78.395,0.2638371945584603,78.395
2020-05-11,0.0575157981531379,0.2501648893406565,2216845.0,77.77833333333332,0.26330644495093536,78.30690476190476
2020-05-12,0.0513975206884271,0.2576444158474414,2264472.0,77.77833333333332,0.26284081521868513,78.21880952380953
2020-05-13,0.0560938778740102,0.2580643076580932,2339709.0,76.69833333333334,0.26114283351601564,77.97642857142857
2020-05-14,0.0602606576885739,0.2648614392428368,2096878.0,69.445,0.26148465350318373,76.69785714285715
2020-05-15,0.059555257164155,0.2570646912886917,2214205.0,68.82833333333333,0.2590501920109255,75.33119047619047
2020-05-16,0.0533106780590894,0.2648485490551107,3389090.0,68.59666666666666,0.2590700032508458,73.93142857142857
2020-05-17,0.0514897222369671,0.2556998643063922,3530933.0,68.59666666666666,0.25833545096274607,72.53166666666667
2020-05-18,0.0591068641430643,0.2630419625811166,3899631.0,67.825,0.2601750328542404,71.1097619047619
2020-05-19,0.0588817342044422,0.2623769993136551,3767009.0,67.825,0.2608511162065566,69.68785714285714
2020-05-20,0.0521845065359332,0.2622915470800941,3790455.0,67.825,0.26145500755255674,68.42023809523809
2020-05-21,0.0593528968035084,0.2594920737702645,3582020.0,67.825,0.26068795534218925,68.18880952380952
2020-05-22,0.0666552672423729,0.257061243610756,3461470.0,67.825,0.26068746281676985,68.0454761904762
2020-05-23,0.0524940265486631,0.261882025146712,3477564.0,67.825,0.26026367368699865,67.93523809523809
2020-05-24,0.0630406695980266,0.2803854347619776,3656446.0,67.515,0.2637901837520823,67.7807142857143
2020-05-25,0.0746332750158795,0.2813700599172762,3474952.0,67.20666666666666,0.26640848337153367,67.69238095238096
2020-05-26,0.081773259005692,0.285008628454756,3422960.0,67.20666666666666,0.2696415732488338,67.60404761904762
2020-05-27,0.0666337189291786,0.2695318187622583,3480999.0,67.20666666666666,0.27067589777485723,67.51571428571428
2020-05-28,0.044772736182651,0.2797281388151854,3446008.0,67.20666666666666,0.27356676420984594,67.42738095238094
2020-05-29,0.0390002370172312,0.2484044999084911,3492841.0,66.12666666666667,0.27233008653809376,67.1847619047619
2020-05-30,0.0272538013957505,0.2406743713623256,3098817.0,66.12666666666667,0.2693004217117529,66.94214285714285
2020-05-31,0.0390013223572239,0.2487977352378569,3234848.0,66.12666666666667,0.2647878932083071,66.74380952380952
2020-06-01,0.0339059287650518,0.2510643431901656,3206132.0,65.58666666666666,0.26045850510443413,66.51238095238095
2020-06-02,0.0376082682130128,0.248863704214943,3206417.0,65.58666666666666,0.25529494449874657,66.28095238095237
2020-06-03,0.0449899938395466,0.2495945531887949,3256225.0,65.58666666666666,0.2524467637025375,66.0495238095238
2020-06-04,0.0498096047329751,0.2355905892565734,2205123.0,65.58666666666666,0.24614139947987865,65.81809523809524
2020-06-05,0.0436763851290922,0.2554526596191334,3381184.0,63.73499999999999,0.24714827943854184,65.47642857142857
2020-06-06,0.0348520063711196,0.249437381415583,3194500.0,63.73499999999999,0.2484001380175786,65.1347619047619
2020-06-07,0.024028773875325,0.2895718961619334,2768780.0,63.73499999999999,0.2542250181495895,64.79309523809523
2020-06-08,0.0663138913372506,0.2672624147531641,3032227.0,62.19166666666666,0.256539028372875,64.30809523809522
2020-06-09,0.0582298034315155,0.2520378195215741,2984970.0,61.88333333333333,0.25699247341667947,63.77904761904761
2020-06-10,0.0517257801626348,0.2516703912196725,3068002.0,61.88333333333333,0.25728902170680484,63.24999999999999
2020-06-11,0.0552955377005657,0.2527598978379732,3261215.0,61.88333333333333,0.25974178007557625,62.720952380952376
2020-06-12,0.0489547336415478,0.2700466668771503,3378901.0,60.26166666666666,0.2618266382552929,62.224761904761905
2020-06-13,0.0355414297492096,0.2672961732652473,3011103.0,60.26166666666666,0.2643778942338164,61.728571428571435
2020-06-14,-0.0189595315037747,0.3247511948870304,3154328.0,60.26166666666666,0.2694035083374017,61.23238095238095
2020-06-15,0.0392389600149474,0.2899328752474903,3837552.0,59.335,0.2726421455508769,60.824285714285715
2020-06-16,0.0550393604246392,0.2512373065869696,3889262.0,59.335,0.2725277865602191,60.4602380952381
2020-06-17,0.0565337479539742,0.2560762097378355,3688348.0,59.335,0.27315718920567095,60.09619047619048
2020-06-18,0.0401666012508538,0.2495512004453701,3673328.0,59.335,0.2726988038638705,59.73214285714285
2020-06-19,0.0425749174389138,0.2525512681277182,3634172.0,59.335,0.27019946118538024,59.599761904761905
2020-06-20,0.0359081678191782,0.2575732431327783,3610992.0,59.335,0.26881047116645607,59.46738095238095
2020-06-21,0.0450258731891739,0.2731431665415266,3352643.0,59.335,0.26143789568852693,59.335
2020-06-22,0.049517876361873,0.2548453757930172,3730105.0,59.02666666666667,0.25642539576645934,59.29095238095238
2020-06-23,0.0347575670202204,0.2564273591298739,3936238.0,59.335,0.2571668318440171,59.290952380952376
2020-06-24,0.0238047598180867,0.2651315443245942,3858387.0,59.335,0.25846045107069693,59.29095238095238
2020-06-25,0.0404877763194756,0.2623116957528089,3883506.0,59.335,0.2602833789717596,59.29095238095238
2020-06-26,0.0446503996234867,0.2695481182847764,3941476.0,54.705000000000005,0.2627115004227679,58.6295238095238
2020-06-27,0.0389822137783891,0.2587395527286774,3816987.0,54.705000000000005,0.26287811607932493,57.968095238095245
2020-06-28,0.065345771657037,0.2841867517165346,3743358.0,54.705000000000005,0.2644557711043261,57.30666666666667
2020-06-29,0.0487229897545525,0.2628466536857634,3880998.0,54.705000000000005,0.2655988108032898,56.689285714285724
2020-06-30,0.039884117123028,0.2566783809624706,3926862.0,54.705000000000005,0.26563467106508937,56.02785714285715
2020-07-01,0.0488301656259399,0.2640827775965955,4365171.0,57.48333333333333,0.2654848472468038,55.763333333333335
2020-07-02,0.0515600164972503,0.2590092071774782,3563659.0,57.48333333333333,0.2650130631646137,55.49880952380953
2020-07-03,0.078474868354534,0.2724209589244412,3446100.0,57.48333333333333,0.26542346897028013,55.895714285714284
2020-07-04,0.0471998816671094,0.282580295344408,4076176.0,57.251666666666665,0.26882928934395595,56.259523809523806
2020-07-05,0.0315034996184214,0.2599230538199268,3827904.0,57.251666666666665,0.26536304678729766,56.623333333333335
2020-07-06,0.020581081846692,0.2719844704065786,3991881.0,56.324999999999996,0.26666844917598553,56.8547619047619
2020-07-07,0.0404470182069206,0.258627841547975,4104245.0,56.324999999999996,0.2669469435453433,57.086190476190474
2020-07-08,0.0408510381351172,0.2656506828833327,4032945.0,57.405,0.2671709300148772,57.074999999999996
2020-07-09,0.0386653723820162,0.2554625241495901,3912560.0,57.096666666666664,0.2666642610108932,57.0197619047619
2020-07-10,0.0443976763138843,0.258049241901068,4024227.0,57.096666666666664,0.2646111585789827,56.96452380952381
2020-07-11,0.0524220417364655,0.253752112065726,3746316.0,57.096666666666664,0.26049284668202816,56.94238095238095
2020-07-12,0.0568486572969097,0.251005330737724,3902393.0,57.096666666666664,0.25921888624171346,56.9202380952381
2020-07-13,0.0634821726511128,0.2635283432209176,4045441.0,56.48,0.25801086807233337,56.94238095238095
2020-07-14,0.0627207893675404,0.2485379792088441,4130726.0,56.48,0.25656945916674323,56.96452380952381
2020-07-15,0.0436446104609018,0.253028531780994,4106648.0,56.48,0.25476629472355194,56.832380952380944
2020-07-16,0.0290144068904684,0.2546767567367369,4083573.0,55.86333333333334,0.2546540422360015,56.656190476190474
2020-07-17,0.0434254895473118,0.2483022457227791,4014323.0,55.86333333333334,0.25326161421053167,56.48
2020-07-18,0.0622564369454162,0.2808708093296128,3639620.0,55.86333333333334,0.25713571381965833,56.30380952380953
2020-07-19,0.0461523015385147,0.2570537956543106,3600404.0,55.86333333333334,0.2579997802363136,56.12761904761904
2020-07-20,0.049633741873524,0.2630406586112008,3777908.0,55.86333333333334,0.25793011100635405,56.039523809523814
2020-07-21,0.054689259259729,0.2590608892120625,3771150.0,55.86333333333334,0.2594333838639567,55.95142857142857
2020-07-22,0.0533134103905982,0.2528942623344579,3691852.0,55.86333333333334,0.2594142025144515,55.86333333333334
2020-07-23,0.0376122301177965,0.2940635414316762,3661885.0,55.86333333333334,0.2650408860423,55.86333333333334
2020-07-24,0.048603126247053,0.2542033557855848,3621819.0,55.86333333333334,0.26588390176555793,55.86333333333334
2020-07-25,0.0467607042502422,0.2456681210341459,3512553.0,55.86333333333334,0.26085494629477696,55.86333333333334
2020-07-26,0.0519101662526884,0.2485990045005853,3399349.0,55.86333333333334,0.2596471189871019,55.86333333333334
2020-07-27,0.0511208823270326,0.2522747496786419,3889078.0,55.86333333333334,0.25810913199673635,55.86333333333334
2020-07-28,0.0469151308826067,0.2525401881463464,4167168.0,55.86333333333334,0.2571776032730626,55.86333333333334
2020-07-29,0.0622567260762749,0.2556833031237242,4007131.0,55.86333333333334,0.2575760376715292,55.86333333333334
2020-07-30,0.0579668222311863,0.2661077408329972,3968762.0,55.86333333333334,0.25358235187171796,55.86333333333334
2020-07-31,0.0519074072586956,0.2715416524753028,3867434.0,55.86333333333334,0.2560592513988205,55.86333333333334
2020-08-01,0.0564904941295199,0.2579403573430683,3533863.0,56.79,0.25781242801438087,55.99571428571429
2020-08-02,0.0613861655093323,0.2534177114695201,3748433.0,57.406666666666666,0.2585008147242287,56.216190476190484
2020-08-03,0.0488686559394629,0.2664363884508138,3810246.0,58.02333333333333,0.26052390597739616,56.52476190476191
2020-08-04,0.0545647322444062,0.2601351558760755,3726039.0,58.02333333333333,0.2616089013673574,56.83333333333333
2020-08-05,0.0545742548000023,0.2506042510585913,3770597.0,58.02333333333333,0.26088332250090984,57.14190476190476
2020-08-06,0.0489849433713826,0.2525542626780181,3839194.0,58.02333333333333,0.25894711133591286,57.45047619047619
2020-08-07,0.0539479006304444,0.2502091127420899,3702517.0,58.02333333333333,0.25589960565973957,57.759047619047614
2020-08-08,0.0409344241499537,0.2629236679316887,3482091.0,60.87833333333333,0.2566115071723996,58.34309523809524
2020-08-09,0.0481605740422161,0.2559461444087631,3822854.0,60.87833333333333,0.25697271187800574,58.83904761904762
2020-08-10,0.0493959916780724,0.2664416211005883,3911443.0,60.87833333333333,0.2569734593994021,59.246904761904766
2020-08-11,0.0582428323846559,0.2580951673156315,3838286.0,60.87833333333333,0.25668203246219584,59.65476190476191
2020-08-12,0.043174623006916,0.2650488079319864,3624028.0,68.67166666666667,0.2587455405869666,61.175952380952374
2020-08-13,0.0489712716133872,0.2551323818682443,3749980.0,68.05333333333333,0.2591138433284274,62.60880952380952
2020-08-14,0.0683268624489084,0.258257517695134,3683305.0,68.05333333333333,0.2602636154645766,64.04166666666667
2020-08-15,0.0689507955980128,0.2584817769506424,3187087.0,68.05333333333333,0.25962905961014143,65.06666666666665
2020-08-16,0.0424835402585889,0.2563904136421066,3181939.0,68.05333333333333,0.2596925266434762,66.09166666666665
2020-08-17,0.0533307517099802,0.2571255183453704,3680958.0,68.05333333333333,0.25836165482130224,67.11666666666666
2020-08-18,0.0536428046043966,0.2616420697705737,3610316.0,68.98,0.25886835517200824,68.27404761904761
2020-08-19,0.0642740055773648,0.2552694539713422,3534349.0,68.98,0.25747130460620193,68.31809523809524
2020-08-20,0.0675243025905252,0.2645172751792529,3609804.0,68.98,0.25881200365063173,68.45047619047618
2020-08-21,0.0605156991298966,0.2520303841813164,3962927.0,68.98,0.25792241314865777,68.58285714285714
2020-08-22,0.0678947489175655,0.2681327533839457,3583818.0,68.98,0.2593011240677011,68.71523809523809
2020-08-23,0.0536230287391027,0.2406290726306512,4045201.0,69.44333333333333,0.2570495039232075,68.91380952380953
2020-08-24,0.0602824343861226,0.2484507094497122,3982835.0,69.44333333333333,0.255810245509542,69.11238095238096
2020-08-25,0.0526494146071008,0.255506397518481,3896212.0,68.98,0.2549337209021002,69.11238095238095
2020-08-26,0.0486722168928245,0.2379468745367766,3965851.0,68.98,0.2524590666971623,69.11238095238095
2020-08-27,0.0522738629092228,0.2565779699114872,3913091.0,68.98,0.2513248802303386,69.11238095238096
2020-08-28,0.0509731317182114,0.250424632676837,3850248.0,69.44333333333333,0.2510954871582701,69.17857142857143
2020-08-29,0.0526214764943743,0.248926421528665,3282065.0,69.44333333333333,0.24835172546465858,69.2447619047619
2020-08-30,0.0508366633095666,0.2445963972895046,3494658.0,69.44333333333333,0.24891848613020912,69.2447619047619
2020-08-31,0.0696350583049545,0.2709851031537848,3725303.0,65.585,0.2521376852307909,68.69357142857142
2020-09-01,0.058486620687527,0.2470179529649653,3665464.0,65.27666666666666,0.2509250502945744,68.1645238095238
2020-09-02,0.0597796568151662,0.2499278509724636,3742416.0,65.27666666666666,0.2526366183568154,67.63547619047618
2020-09-03,0.0490427320179417,0.257021856836518,3833791.0,65.27666666666666,0.2527000307746769,67.10642857142857
2020-09-04,0.0550602590871997,0.2598170321377665,3189110.0,65.27666666666666,0.2540418021262383,66.51119047619046
2020-09-05,0.0488793360636111,0.2657090278496107,2736116.0,65.27666666666666,0.2564393173149448,65.91595238095238
2020-09-06,0.0500230550662709,0.2546178171337173,2742674.0,65.27666666666666,0.2578709487212609,65.32071428571427
2020-09-07,0.0404607547334768,0.2577252178250722,3428867.0,65.27666666666666,0.25597667938858765,65.27666666666666
2020-09-08,0.0437859531245743,0.2497534054160685,3596199.0,64.66,0.2563674583101738,65.18857142857142
2020-09-09,0.0465084840953828,0.2552646809128532,3983190.0,64.66,0.2571298625873723,65.10047619047619
2020-09-10,0.0451345208735119,0.2657445637358667,4032447.0,64.66,0.2583759635729936,65.01238095238094
2020-09-11,0.0520157753976933,0.251518506514077,3499620.0,64.66,0.25719045991246653,64.92428571428572
2020-09-12,0.0421186139678729,0.2694759741626851,3165691.0,64.19666666666666,0.2577285951000486,64.77
2020-09-13,0.031164577963039,0.2810608631023001,3172727.0,64.19666666666666,0.2615061730955604,64.61571428571428
2020-09-14,0.0403109367810362,0.26801262672465,3590356.0,64.42833333333333,0.2629758029383572,64.49452380952381
2020-09-15,0.0580673089300656,0.2695657213823851,3638935.0,64.42833333333333,0.2658061337906882,64.46142857142856
2020-09-16,0.0499525845817705,0.2559755454365753,3839131.0,64.42833333333333,0.2659076858655056,64.42833333333333
2020-09-17,0.0415439002526684,0.2711185531618562,3661202.0,64.42833333333333,0.266675398640647,64.39523809523808
2020-09-18,0.0571935547257116,0.2600008677224945,3328710.0,63.348333333333336,0.2678871645275637,64.20785714285714
2020-09-19,0.0478626775217229,0.2484611115403117,2373557.0,63.348333333333336,0.2648850412957961,64.08666666666666
2020-09-20,0.0618294995328718,0.2743257889689131,2717488.0,62.57666666666666,0.26392288784816936,63.855238095238086
2020-09-21,0.0577937653227357,0.2652170349952667,3647346.0,61.18666666666667,0.26352351760111464,63.39214285714285
2020-09-22,0.0540405167377905,0.2628443786465847,3773214.0,61.18666666666667,0.2625633257817146,62.92904761904761
2020-09-23,0.0655996007308617,0.254587258763732,3675631.0,60.723333333333336,0.26236499911416555,62.39976190476191
2020-09-24,0.0481187821248468,0.2473312586682817,3469386.0,61.031666666666666,0.2589668141865121,61.91452380952381
2020-09-25,0.0507857971755169,0.2660262293495719,2943510.0,61.031666666666666,0.2598275801332374,61.583571428571425
2020-09-26,0.0560840480925394,0.2596188576538409,2750782.0,61.031666666666666,0.26142154386374156,61.25261904761904
2020-09-27,0.0523782437967324,0.2549620495087173,2349966.0,61.031666666666666,0.25865529536942794,61.03190476190476
2020-09-28,0.028204326199201,0.2880106904773142,2828438.0,59.79833333333334,0.2619115318668633,60.83357142857143
2020-09-29,0.0421950128420131,0.2709136453045765,3154852.0,59.79833333333334,0.26306428424657635,60.6352380952381
2020-09-30,0.0496077541081038,0.2579656183729092,2625574.0,59.79833333333334,0.2635469070478874,60.50309523809524
2020-10-01,0.0498869574748526,0.2610999936712092,3149122.0,59.79833333333334,0.26551386919116277,60.32690476190476
2020-10-02,0.0713676375887179,0.2681680542644349,4312864.0,59.79833333333334,0.26581984417900034,60.15071428571429
2020-10-03,0.0573020292272781,0.2584100553935141,4263630.0,59.79833333333334,0.2656471581418108,59.97452380952381
2020-10-04,0.0485621710834367,0.2615514389697532,4029468.0,60.10666666666666,0.2665884994933873,59.84238095238096
2020-10-05,0.0356962930039547,0.2731398922969285,4120708.0,60.10666666666666,0.26446409975333224,59.886428571428574
2020-10-06,0.0419453834173582,0.2645062877366677,4250382.0,60.10666666666666,0.2635487629579167,59.93047619047619
2020-10-07,0.0439177027502446,0.2796126282120352,4004487.0,57.406666666666666,0.26664119293493466,59.58880952380952
2020-10-08,0.0533519444678604,0.2556928887288245,3963002.0,57.406666666666666,0.2658687493717369,59.24714285714286
2020-10-09,0.0459394937624971,0.2574103858393541,3876621.0,57.406666666666666,0.26433193959672535,58.90547619047619
2020-10-10,0.0277732767962289,0.2596278061523058,3725364.0,57.406666666666666,0.2645059039908384,58.563809523809525
2020-10-11,0.0431142584771841,0.2597986443206728,3555115.0,57.406666666666666,0.26425550475525555,58.17809523809524
2020-10-12,0.0469530494640784,0.2720696708335127,3836485.0,56.17333333333334,0.26410261597476753,57.61619047619047
2020-10-13,0.0627960747812906,0.2610916713196437,3773010.0,56.17333333333334,0.26361481362947836,57.05428571428571
2020-10-14,0.0490050793594981,0.2559116728020163,3530338.0,56.17333333333334,0.26022896285661856,56.878095238095234
2020-10-15,0.0473570816399184,0.2591026478294057,3288065.0,56.17333333333334,0.2607160712995587,56.701904761904764
2020-10-16,0.0479899115374287,0.2752088003449959,3111052.0,56.17333333333334,0.2632587019432218,56.52571428571429
2020-10-17,0.0485957370805481,0.2568776725989151,2936275.0,56.17333333333334,0.26286582572130884,56.34952380952382
2020-10-18,0.0804522643027158,0.2864936274119707,3114902.0,56.17333333333334,0.2666793947343514,56.17333333333334
2020-10-19,0.0553685029482686,0.2688123825369701,3495131.0,57.098333333333336,0.26621406783484536,56.3054761904762
2020-10-20,0.0525715581271669,0.2571748428832606,3474414.0,57.098333333333336,0.26565452091536207,56.43761904761906
2020-10-21,0.0557412079548423,0.2605507405563029,3211180.0,61.49666666666667,0.26631724488026015,57.19809523809524
2020-10-22,0.0616459402553227,0.2646942507578592,3342926.0,61.80500000000001,0.2671160452986106,58.002619047619056
2020-10-23,0.0522074343413359,0.2570275677744371,3269122.0,63.04,0.2645187263599594,58.98357142857144
2020-10-24,0.0507109440366918,0.2598821408353617,3193236.0,63.04,0.2649479361080232,59.96452380952381
2020-10-25,0.0343040176140952,0.2623979949477421,3382538.0,63.04,0.26150570289884767,60.94547619047619
2020-10-26,0.0406634543169131,0.2601890907757452,3339344.0,63.04,0.2602738040758155,61.79428571428572
2020-10-27,0.0406634543169131,0.2601890907757452,3339344.0,63.04,0.26070441091759905,62.643095238095235
2020-10-28,0.03957568732152,0.2542910333606619,2865014.0,61.80500000000001,0.2598101670325075,62.68714285714286
2020-10-29,0.0588619754048245,0.2607386528504676,3256945.0,61.80500000000001,0.2592450816171658,62.68714285714286
2020-10-30,0.0456253948056178,0.2680306940724257,3428783.0,62.11333333333334,0.26081695680259276,62.554761904761904
2020-10-31,0.054950481966378,0.2647723966163059,3500835.0,62.11333333333334,0.26151556477129906,62.422380952380955
2020-11-01,0.046854954958823,0.2650055216137705,3371046.0,62.11333333333334,0.2618880685807317,62.290000000000006
2020-11-02,0.059873073051261,0.2562472547413017,3299450.0,62.11333333333334,0.2613249491472398,62.15761904761905
2020-11-03,0.0779232806918525,0.2698156447618055,2601575.0,62.11333333333334,0.2627001711452484,62.0252380952381
2020-11-04,0.0641737088664301,0.2603181521686588,2415739.0,62.11333333333334,0.26356118811781937,62.06928571428572
2020-11-05,0.0644543117301734,0.2550227542212524,2781918.0,62.11333333333334,0.26274463117078867,62.11333333333334
2020-11-06,0.0654331478080296,0.2562171035920157,2514116.0,62.26666666666667,0.2610569753878729,62.1352380952381
2020-11-07,0.0746149590169979,0.2609133297665045,2998457.0,62.26666666666667,0.2605056801236156,62.15714285714286
2020-11-08,0.0473731783696806,0.2774212771771898,2339099.0,62.574999999999996,0.26227935948981834,62.22309523809524
2020-11-09,0.0913917066808462,0.2742243077041981,3524228.0,62.11333333333334,0.26484750991308925,62.22309523809524
2020-11-10,0.0662908162104867,0.2705872638620678,3296368.0,61.803333333333335,0.2649577412131267,62.178809523809534
2020-11-11,0.0517417211779426,0.2657497906640504,3156729.0,61.803333333333335,0.26573368956961124,62.13452380952382
2020-11-12,0.0483886447427223,0.2613766830447568,3664120.0,61.803333333333335,0.26664139368725476,62.0902380952381
2020-11-13,0.0435039992473463,0.2688045797354354,3850005.0,61.803333333333335,0.2684396045648861,62.024047619047614
2020-11-14,0.0351345523283271,0.2641955414155905,3341609.0,61.803333333333335,0.26890849194332694,61.957857142857144
2020-11-15,0.0329390836646133,0.2817835246612151,3424942.0,61.803333333333335,0.2695316701553306,61.84761904761905
2020-11-16,0.0835045445040283,0.2806892571489279,3629902.0,62.88333333333333,0.27045523436172053,61.95761904761905
2020-11-17,0.0644629728887484,0.2733650230136801,3566213.0,62.88333333333333,0.2708520570976652,62.11190476190476
2020-11-18,0.0620952514386465,0.2658664953654756,3649808.0,63.501666666666665,0.27086872919786875,62.35452380952381
2020-11-19,0.0713933830730503,0.2694492884809686,3593689.0,63.501666666666665,0.272021958545899,62.59714285714285
2020-11-20,0.0660996089515728,0.2654251015814672,3467627.0,63.964999999999996,0.271539175952475,62.905952380952385
2020-11-21,0.0476887961050716,0.2735840463654275,3302059.0,63.964999999999996,0.27288039094530886,63.21476190476191
2020-11-22,0.0384190612264855,0.2747958858483056,3072344.0,63.964999999999996,0.2718821568291789,63.52357142857143
2020-11-23,0.0602443008127606,0.2718628580667974,3405513.0,63.964999999999996,0.27062124267458887,63.67809523809524
2020-11-24,0.0544018774913804,0.2707126450613513,3172136.0,63.964999999999996,0.2702423315385419,63.83261904761905
2020-11-25,0.0603785560414905,0.2691179913582999,3084475.0,63.964999999999996,0.2707068309660882,63.89880952380952
2020-11-26,0.0643767571210549,0.2662824662867578,2853608.0,63.964999999999996,0.2702544277954867,63.964999999999996
2020-11-27,0.050437349663883,0.2682963798167389,2463578.0,63.964999999999996,0.2706646104005255,63.964999999999996
2020-11-28,0.0377796236076528,0.2700065226705619,2437566.0,63.964999999999996,0.27015353558697325,63.964999999999996
2020-11-29,0.0390039034128162,0.2623214818652734,2570601.0,63.964999999999996,0.2683714778751115,63.964999999999996
2020-11-30,0.0564920939856491,0.2666732708260704,3144302.0,63.964999999999996,0.2676301082692934,63.964999999999996
2020-12-01,0.0363630468894797,0.2687948231016929,2892121.0,63.656666666666666,0.2673561337036279,63.92095238095238
2020-12-02,0.059787286591092,0.2660461655988342,3255342.0,63.04,0.2669173014522756,63.78880952380952
2020-12-03,0.0658886876735253,0.2656583209863295,3398579.0,62.42333333333334,0.26682813783792875,63.56857142857143
2020-12-04,0.0637481833611887,0.2653320581361696,3107132.0,60.879999999999995,0.26640466331213314,63.12785714285714
2020-12-05,0.0525042817408554,0.2624516496284667,2732602.0,60.879999999999995,0.26532539573469094,62.68714285714286
2020-12-06,0.0520927402145218,0.2585448250337517,6460437.0,60.879999999999995,0.2647858733301879,62.246428571428574
2020-12-07,0.0520927402145218,0.2585448250337517,6460437.0,60.879999999999995,0.26362466678842805,61.80571428571428
2020-12-08,0.0661213245570146,0.2602491146515435,3653032.0,61.49666666666667,0.26240385129554955,61.49714285714286
2020-12-09,0.0501624886823315,0.2577793007904971,3404086.0,61.49666666666667,0.26122287060864424,61.276666666666664
2020-12-10,0.0565989456953538,0.2607165026894803,2875149.0,61.49666666666667,0.2605168965662372,61.144285714285715
2020-12-11,0.0583411373234759,0.2551872687434746,3190245.0,61.49666666666667,0.2590676409387094,61.23238095238095
2020-12-12,0.0688910280310204,0.267264044220644,2590126.0,61.49666666666667,0.25975512588044897,61.32047619047619
2020-12-13,0.069871411995233,0.2607520752667385,2874190.0,61.49666666666667,0.2600704473423042,61.40857142857143
2020-12-14,0.0732654237738852,0.2639526682567613,3278255.0,62.42333333333334,0.2608429963741627,61.62904761904762
2020-12-15,0.070850093389673,0.2729844485028202,3292085.0,62.42333333333334,0.262662329781488,61.76142857142857
2020-12-16,0.0463915631461246,0.2673933203543317,3513604.0,62.42333333333334,0.26403576114775007,61.89380952380952
2020-12-17,0.0566576694482465,0.2629560114518475,3705804.0,62.42333333333334,0.2643556909709454,62.02619047619048
2020-12-18,0.0662206612559985,0.2704998780999058,3727941.0,62.42333333333334,0.2665432065932927,62.15857142857143
2020-12-19,0.051183428108288,0.2596574012435936,3172974.0,64.42833333333333,0.26545654331085694,62.577380952380956
2020-12-20,0.0501213233963683,0.2560176183326828,4071775.0,64.42833333333333,0.26478019232027755,62.99619047619048
2020-12-21,0.050918307684004,0.2584170385101031,3974884.0,64.42833333333333,0.263989388070755,63.28261904761905
2020-12-22,0.0517153635659481,0.2671171024082948,3936226.0,64.89166666666667,0.263151195771537,63.6352380952381
2020-12-23,0.0594503398809043,0.2666489331377006,3541732.0,64.89166666666667,0.26304485474058975,63.987857142857145
2020-12-24,0.0501319290949315,0.2847380027500968,2622020.0,64.27499999999999,0.2661565677831968,64.25238095238095
2020-12-25,0.053754948360228,0.2648003680749936,1767511.0,63.580000000000005,0.2653423520653522,64.41761904761904
2020-12-26,0.0523608115604876,0.2675557746136475,2466204.0,64.27499999999999,0.26647069111821703,64.39571428571428
2020-12-27,0.0448041869788081,0.2863178414172503,2769961.0,66.28166666666667,0.27079929441601236,64.66047619047619
2020-12-28,0.043719225278139,0.2713012715448795,3902378.0,66.28166666666667,0.27263989913526615,64.9252380952381
2020-12-29,0.0488800319580433,0.2606108153956835,3683098.0,66.28166666666667,0.27171042956203595,65.12380952380953
2020-12-30,0.0546271375805295,0.2631073197733057,3977023.0,66.89833333333333,0.27120448479569387,65.41047619047619
2020-12-31,0.0711231030400025,0.2655287020282238,3528057.0,66.89833333333333,0.26846029897828344,65.7852380952381
2021-01-01,0.0588840473618149,0.2568660257771231,3038662.0,67.515,0.26732682150715903,66.34738095238096
2021-01-02,0.0380519907397618,0.2681859933113344,3250694.0,67.515,0.26741685274968574,66.81023809523809
2021-01-03,0.0541586454137668,0.2735485894545469,3501229.0,67.515,0.265592673897871,66.98642857142856
2021-01-04,0.0399146934331263,0.2766951065904939,3727421.0,67.515,0.2663632217615302,67.16261904761905
2021-01-05,0.0508626312323127,0.2601479100176592,3917006.0,68.90333333333332,0.2662970924218125,67.53714285714285
2021-01-06,0.0419897837755694,0.2570511811090231,3522571.0,69.365,0.26543192975548635,67.88952380952381
2021-01-07,0.0465483336085712,0.2617504303568975,2801003.0,69.365,0.2648921766595826,68.24190476190476
2021-01-08,0.0573319764890313,0.2663038927047226,2975849.0,69.365,0.26624044336352537,68.50619047619047
2021-01-09,0.0573319764890313,0.2663038927047226,2975849.0,68.90333333333332,0.2659715718482951,68.7045238095238
2021-01-10,0.0571994123704463,0.2648009641331986,2542852.0,68.90333333333332,0.2647219110881025,68.90285714285713
2021-01-11,0.0572412900168722,0.2657595521375657,3156856.0,66.28,0.2631596890233985,68.72642857142857
2021-01-12,0.0485947972496987,0.2743777814519578,3512165.0,66.28,0.26519252779972685,68.35166666666666
2021-01-13,0.0304845086667046,0.2911539430158212,2855503.0,66.28,0.2700643509292694,67.91095238095237
2021-01-14,0.0461097155425346,0.2760445940479478,3613526.0,66.28,0.2721063743137052,67.47023809523809
2021-01-15,0.0520695553696659,0.2695549271630014,3408359.0,66.28,0.272570807807745,67.02952380952381
2021-01-16,0.0656593396076302,0.2595723567581692,3348871.0,66.28,0.2716091598153802,66.65476190476191
2021-01-17,0.0488585532264753,0.2647157758814711,2764179.0,66.28,0.27159699006513344,66.28
2021-01-18,0.0764519063242242,0.2965459613959041,3099138.0,66.28,0.27599504853061035,66.28
2021-01-19,0.0590625004258621,0.2649337100253985,3209091.0,66.28,0.27464589546967333,66.28
2021-01-20,0.0654764127489551,0.2606359109007206,2565068.0,66.28,0.2702861765960875,66.28
2021-01-21,0.0639543104763007,0.2546994050646563,3284309.0,66.28,0.2672368638841887,66.28
2021-01-22,0.0678784434685334,0.2651250407453312,3145448.0,66.28,0.26660402296737873,66.28
2021-01-23,0.0693712153908593,0.2584827426338978,3031831.0,66.28,0.26644836380676856,66.28
2021-01-24,0.0689541100500538,0.2526020857053219,3146166.0,66.28,0.2647178366387472,66.28
2021-01-25,0.0633194318893734,0.2601460419559272,2829646.0,66.28,0.25951784814732193,66.28
2021-01-26,0.0530212188634319,0.2678318745456619,3410745.0,66.74166666666666,0.2599318716502167,66.34595238095238
2021-01-27,0.0559740135386211,0.2565843143169538,3215574.0,66.74166666666666,0.25935307213825004,66.41190476190476
2021-01-28,0.0777677679530302,0.254765210115441,2968589.0,66.74166666666666,0.2593624728597907,66.47785714285713
2021-01-29,0.0853404669617416,0.269170144006963,3019460.0,66.74166666666666,0.2599403447543095,66.54380952380951
2021-01-30,0.0648681211353155,0.2694823773739402,2900875.0,66.74166666666666,0.2615117211457441,66.6097619047619
2021-01-31,0.0613632010486407,0.2446614724455902,2868843.0,69.365,0.2603773478229253,67.05047619047619
2021-02-01,0.0681933983328074,0.2544755283144493,2956475.0,70.6,0.2595672744455713,67.66761904761904
2021-02-02,0.0564231160167532,0.2568241945689357,3116415.0,70.6,0.2579947487346104,68.21880952380953
2021-02-03,0.0717110566533425,0.2665472219874653,2915095.0,69.98333333333333,0.25941802125896923,68.68190476190475
2021-02-04,0.067832142579384,0.2609799586236628,2576055.0,69.98333333333333,0.26030584247442945,69.145
2021-02-05,0.0723400627916136,0.2553615739656717,2496120.0,67.515,0.2583331896113879,69.25547619047619
2021-02-06,0.0561857833727937,0.2635127600964589,2231704.0,67.515,0.2574803871431763,69.36595238095238
2021-02-07,0.0525045008493606,0.2697394268221632,2478071.0,67.515,0.2610629520541153,69.10166666666666
2021-02-08,0.0750171810059714,0.2585877204663423,2631475.0,66.28,0.2616504080758143,68.48452380952381
2021-02-09,0.071574355174096,0.258262195301113,2556548.0,66.28,0.2618558367518396,67.86738095238096
2021-02-10,0.0687458040943533,0.2639446298235646,2666021.0,66.28,0.2614840378712823,67.33833333333334
2021-02-11,0.0609605649469329,0.2619482996200985,2495590.0,66.28,0.2616223722993446,66.80928571428572
2021-02-12,0.0752444791986368,0.2646249821546449,2569535.0,68.74833333333333,0.2629457163263408,66.98547619047619
2021-02-13,0.0565215247814781,0.257790860781983,2008834.0,68.74833333333333,0.2621283021385585,67.16166666666666
2021-02-14,0.069531608217563,0.2679318804537607,1873301.0,68.74833333333333,0.26187008122878674,67.33785714285715
2021-02-15,0.0632283564658731,0.257431011974616,2461123.0,76.69666666666666,0.2617048371585401,68.82595238095239
2021-02-16,0.0587288264624835,0.2685334142020316,2537242.0,76.23333333333333,0.2631721541443856,70.24785714285714
2021-02-17,0.0399460984115871,0.2632929826959366,2656607.0,76.23333333333333,0.2630790616975816,71.6697619047619
2021-02-18,0.0624904696048766,0.269699469303898,2442221.0,68.67166666666667,0.2641863716524101,72.01142857142857
2021-02-19,0.0730586291230969,0.2657959974127731,2323399.0,68.67166666666667,0.2643536595464284,72.00047619047619
2021-02-20,0.0587444229328392,0.2623379817740278,1959267.0,68.67166666666667,0.2650032482595777,71.9895238095238
2021-02-21,0.0625750287838883,0.2558837750656528,2161601.0,68.67166666666667,0.26328209034699085,71.97857142857143
2021-02-22,0.0651155949402761,0.2655325909341717,2905423.0,68.36333333333333,0.26443945876978453,70.78809523809524
2021-02-23,0.0637155946340857,0.2692000739423204,2918788.0,65.50833333333334,0.26453469587554,69.25595238095238
2021-02-24,0.0615525693463983,0.2593967883743333,2772135.0,65.50833333333334,0.2639780966867396,67.72380952380954
2021-02-25,0.0530741266424409,0.2594104867458158,2662233.0,65.50833333333334,0.262508242035585,67.27190476190476
2021-02-26,0.0484601143617632,0.2571239969403632,2544887.0,65.50833333333334,0.2612693848252407,66.82000000000001
2021-02-27,0.0468802190426273,0.2638212407849207,2236001.0,65.045,0.261481278969654,66.30190476190477
2021-02-28,0.0774274593088828,0.2677312174857153,2145457.0,71.75833333333334,0.26317377074394865,66.74285714285715
2021-03-01,0.0787505698773866,0.2570458326435155,2513558.0,71.14166666666667,0.2619613767024263,67.13976190476191
2021-03-02,0.0579665379766004,0.2646444549011792,2984593.0,71.14166666666667,0.2613105739822633,67.94452380952382
2021-03-03,0.0566047270619878,0.2635418067070613,3028796.0,71.14166666666667,0.2619027194583673,68.74928571428572
2021-03-04,0.0575984683989153,0.2574628188007554,2824415.0,70.52333333333333,0.2616244811805015,69.46571428571428
2021-03-05,0.0731915443367944,0.2548957325395493,2768332.0,70.52333333333333,0.26130615769467097,70.18214285714285
2021-03-06,0.0624824314731158,0.2585336056932334,2406706.0,70.52333333333333,0.26055078125300135,70.9647619047619
2021-03-07,0.05544155062145,0.2699379266298713,2249733.0,66.20166666666667,0.2608660254164522,70.17095238095239
2021-03-08,0.0671422393961181,0.2820890613412451,2206490.0,65.585,0.2644436295161278,69.37714285714286
2021-03-09,0.0566667135658693,0.2758209090047694,2310802.0,65.585,0.2660402658166407,68.58333333333333
2021-03-10,0.0803727975130864,0.2767829553527124,2829317.0,65.585,0.2679318584803052,67.7895238095238
2021-03-11,0.0705368294860096,0.2601111260275643,3122284.0,65.585,0.26831018808413504,67.08404761904761
2021-03-12,0.0605441295329665,0.2557201711815871,2782982.0,63.19333333333333,0.26842796503299754,66.03690476190476
2021-03-13,0.0543800920058351,0.2585623092495209,2092834.0,62.26833333333334,0.26843206554103866,64.85761904761905
2021-03-14,0.0642592431181685,0.2614653164687473,2249082.0,62.26833333333334,0.2672216926608781,64.29571428571428
2021-03-15,0.0661379736417001,0.2529537577907488,2528090.0,61.03333333333333,0.26305950643937864,63.64547619047619
2021-03-16,0.0599472056340037,0.2508985537201021,2587367.0,61.03333333333333,0.25949916997014044,62.9952380952381
2021-03-17,0.0388035734949752,0.2701215521486723,2558837.0,61.03333333333333,0.2585475409409918,62.34499999999999
2021-03-18,0.0517847122800504,0.2580572279340161,2505267.0,61.03333333333333,0.25825412692762784,61.694761904761904
2021-03-19,0.0601639765576542,0.2633275921769999,2341284.0,61.03333333333333,0.2593409013555439,61.38619047619047
2021-03-20,0.0681421541341767,0.2771611312384822,2357985.0,61.03333333333333,0.26199787592539553,61.20976190476191
2021-03-21,0.0630385686242688,0.2737184867962247,2358661.0,61.03333333333333,0.26374832882932087,61.03333333333333
2021-03-22,0.0655122053448031,0.2590409013998535,2635541.0,61.03333333333333,0.2646179207734787,61.03333333333333
2021-03-23,0.0609944197309243,0.2532086271886584,2612589.0,60.10833333333333,0.26494793126898675,60.90119047619048
2021-03-24,0.0625228815338356,0.2586849483938884,2488061.0,60.10833333333333,0.263314130732589,60.76904761904762
2021-03-25,0.0567302870639611,0.2558715065033422,2430832.0,60.10833333333333,0.26300188481392134,60.63690476190476
2021-03-26,0.06228780841257,0.2515679469556568,2265944.0,61.03333333333334,0.2613219354965866,60.63690476190476
2021-03-27,0.0588819680482112,0.2616284129128776,1926796.0,59.645,0.25910297573578595,60.43857142857142
2021-03-28,0.0617434615144728,0.2565298747327496,1999110.0,59.645,0.25664745972671804,60.2402380952381
2021-03-29,0.0671112628234777,0.2514318592506759,2914413.0,63.348333333333336,0.255560453705407,60.57095238095237
2021-03-30,0.0557919556386653,0.2569525223904547,3011381.0,63.348333333333336,0.2560952958770922,61.03380952380952
2021-03-31,0.0623549263344742,0.2501835833831147,2729870.0,63.348333333333336,0.2548808151612673,61.49666666666667
2021-04-01,0.0544844316166814,0.2545596223886263,2473863.0,59.181666666666665,0.25469340314487937,61.36428571428572
2021-04-02,0.0641177387004384,0.2554935610407911,2324899.0,58.99,0.2552542051570414,61.07238095238095
2021-04-03,0.0710742714247148,0.2620585263410392,2157365.0,58.98666666666667,0.25531564993249306,60.97833333333334
2021-04-04,0.0655039744699973,0.2624414804135497,2043719.0,58.98499999999999,0.25616016502975025,60.88404761904762
2021-04-05,0.0787703666656938,0.2950821703076181,2879012.0,58.98,0.2623959237521705,60.260000000000005
2021-04-06,0.0571061392273808,0.2541848423070816,3187888.0,58.975,0.26200054088311725,59.635238095238094
2021-04-07,0.0618458171705897,0.2629381063666464,3044808.0,58.968333333333334,0.2638226155950503,59.009523809523806
2021-04-08,0.0508635949062721,0.2676650194254578,2993795.0,58.961666666666666,0.26569481517174054,58.978095238095236
2021-04-09,0.0654542298559681,0.2537448897571974,2517334.0,58.955000000000005,0.26544500498837004,58.97309523809524
2021-04-10,0.0532810107710202,0.2627250754466461,2241700.0,58.949999999999996,0.265540226289171,58.96785714285714
2021-04-11,0.0641270813122174,0.2740375035365144,2409810.0,58.946666666666665,0.2671968010210231,58.962380952380954
2021-04-12,0.0604387531369878,0.2606837997374808,2812947.0,56.781666666666666,0.26228274808243207,58.648333333333326
2021-04-13,0.066788694749445,0.259812684232702,3850249.0,56.77833333333333,0.2630867255003778,58.334523809523816
2021-04-14,0.0597654371143554,0.2607814621832806,2163860.0,56.77166666666667,0.26277863347418273,58.020714285714284
2021-04-15,0.0655502829164109,0.2607234430022285,2469813.0,56.458333333333336,0.2617869796994357,57.66309523809524
2021-04-16,0.0720294583418287,0.2641311172757894,2846397.0,56.453333333333326,0.263270726487806,57.30571428571428
2021-04-17,0.0720294583418287,0.2641311172757894,2846397.0,56.449999999999996,0.263471589606255,56.94857142857143
2021-04-18,0.0549371714609708,0.2535922388099885,3130544.0,56.44833333333333,0.2605508375024656,56.59166666666666
2021-04-19,0.0637197468789196,0.2604509746066376,3244223.0,55.51666666666666,0.260517576769488,56.41095238095238
2021-04-20,0.0523404293143151,0.2574243473911878,3146119.0,55.51166666666666,0.2601763857921288,56.230000000000004
2021-04-21,0.0629711644464573,0.2529804466177956,3062845.0,55.50666666666666,0.25906195499705953,56.04928571428571
2021-04-22,0.0504494056253092,0.2659926968210198,3302982.0,55.5,0.25981470554260117,55.91238095238095
2021-04-23,0.0613318079202982,0.260465111518289,3374543.0,55.495,0.2592909904343868,55.77547619047619
2021-04-24,0.0532090591918163,0.2586425029975255,3565350.0,61.51,0.2585069026803491,56.498333333333335
2021-04-25,0.0512955134871585,0.2567729013964772,3628888.0,61.50833333333333,0.2589612830498475,57.22119047619047
2021-04-26,0.0598239163323434,0.2506843444686307,3780245.0,61.504999999999995,0.2575660501729894,58.07666666666666
2021-04-27,0.0572639201868526,0.2535643819909495,3643677.0,57.95166666666666,0.2570146265443839,58.42523809523809
2021-04-28,0.0647756482417886,0.2600357117603399,3590871.0,57.946666666666665,0.25802252156474736,58.77380952380952
2021-04-29,0.0576634340397419,0.2551772208747063,4774322.0,57.94,0.25647745357241686,59.122380952380944
2021-04-30,0.0642593647494297,0.25976152105619,2319453.0,57.935,0.25637694064925987,59.470952380952376
2021-05-01,0.0632840515980674,0.255040914239985,2641628.0,56.38833333333333,0.25586242796961123,58.73928571428571
2021-05-02,0.0654170575222437,0.2615166677443632,2677861.0,57.00333333333333,0.25654010887645207,58.09571428571428
2021-05-03,0.0585240418177881,0.2612768116264469,3186034.0,56.76833333333334,0.25805331847042584,57.41904761904762
2021-05-04,0.0543131468692069,0.2562337263256464,3308235.0,56.76333333333333,0.2584346533753826,57.24928571428571
2021-05-05,0.0679544970018431,0.2579910514047224,3256865.0,56.75833333333333,0.25814255903886574,57.07952380952381
2021-05-06,0.0653808585124471,0.2613397173229871,3149400.0,56.75333333333333,0.25902291567433444,56.910000000000004
2021-05-07,0.0682540026210197,0.2521136981098451,2910460.0,56.748333333333335,0.25793036953914233,56.740476190476194
2021-05-08,0.0679274430909171,0.2509942482376084,2615164.0,56.12833333333333,0.2573522743959456,56.70333333333333
2021-05-09,0.0627439975315635,0.2558160400552087,2317867.0,56.435,0.2565378990117807,56.62214285714286
2021-05-10,0.0666610335732889,0.2500586197967138,3272827.0,52.26499999999999,0.2549353001789617,55.97880952380952
2021-05-11,0.0592632293850252,0.2522654923507063,3030226.0,52.16,0.25436840961111307,55.32119047619047
2021-05-12,0.0641686015597387,0.251654094817772,2963495.0,52.16,0.25346313009869165,54.66428571428571
2021-05-13,0.0618990039941431,0.2567564680537761,3454177.0,52.16,0.25280838020309004,54.00809523809524
2021-05-14,0.0680296629480462,0.2529598832009747,3062776.0,52.16,0.25292926378753716,53.352619047619044
2021-05-15,0.0612894410080855,0.2530104261367015,2672511.0,52.16,0.2532172892016933,52.785714285714285
2021-05-16,0.0637846359029493,0.2553092408798721,2456088.0,52.16,0.25314488931950235,52.175
2021-05-17,0.0591587928967819,0.2566407830594857,2940827.0,52.16,0.2540851983570412,52.16
2021-05-18,0.0569916806625091,0.2604219879522587,2990851.0,52.16,0.25525041201440585,52.16
2021-05-19,0.0589334501295277,0.2651798508319629,2682664.0,52.16,0.25718266287357594,52.16
2021-05-20,0.0533563766208226,0.2643837273210814,2676393.0,52.16,0.25827227134033387,52.16
2021-05-21,0.0630307367736775,0.2587309594641213,2264112.0,52.16,0.2590967108064976,52.16
2021-05-22,0.0576072528550513,0.2585795584693948,2273897.0,52.16,0.25989230113973955,52.16
2021-05-23,0.0610282905073377,0.2600245766109579,2511727.0,51.38833333333333,0.26056592052989463,52.0497619047619
2021-05-24,0.0609586008988166,0.2550636690866682,2746423.0,51.38833333333333,0.2603406185337779,51.9395238095238
2021-05-25,0.0689835108381496,0.2540839225804271,2600636.0,52.315,0.2594351806235162,51.96166666666666
2021-05-26,0.0524774979849848,0.2512998970318472,2914018.0,53.24166666666667,0.25745233008064256,52.11619047619047
2021-05-27,0.050704125249527,0.2707239457568863,2767546.0,53.24166666666667,0.2583580755714718,52.270714285714284
2021-05-28,0.0665245310564709,0.2463036365672781,2591490.0,57.87,0.25658274372906564,53.08642857142856
2021-05-29,0.0737794177327812,0.2679860368962946,2430091.0,57.56166666666667,0.25792652636147995,53.85809523809524
2021-05-30,0.064812562487274,0.2632744088397865,2216272.0,57.56166666666667,0.2583907881084554,54.74
2021-05-31,0.0696666511831242,0.2539538578895433,2148894.0,57.56166666666667,0.2582322436517233,55.621904761904766
2021-06-01,0.0627633132575039,0.2494002169612623,2263802.0,57.56166666666667,0.25756314284898546,56.371428571428574
2021-06-02,0.0571754084760041,0.2489161209669186,2466702.0,57.56166666666667,0.2572226034111385,56.98857142857143
2021-06-03,0.0684157561993331,0.2526131817476911,2228357.0,57.56166666666667,0.2546353514098249,57.605714285714285
2021-06-04,0.0600774688809543,0.2530502109306465,2230290.0,56.945,0.25559914774744896,57.473571428571425
2021-06-05,0.0620755657176292,0.2582887710770195,1696341.0,55.093333333333334,0.2542138240589811,57.12095238095238
2021-06-06,0.059476895878882,0.2472307097627117,1730992.0,55.093333333333334,0.2519218670479704,56.76833333333333
2021-06-07,0.0698461983908712,0.2495517903325781,2216828.0,54.166666666666664,0.25129300025411827,56.28333333333334
2021-06-08,0.0728123354175754,0.2601091572873537,1964917.0,54.166666666666664,0.2528228488721313,55.79833333333333
2021-06-09,0.0607347620063059,0.259510731837216,2115721.0,54.166666666666664,0.2543363647107452,55.31333333333333
2021-06-10,0.0625228758013655,0.260586461221488,2195729.0,53.27166666666667,0.25547540463557333,54.70047619047619
2021-06-11,0.0610242765860344,0.2548254204861083,1974182.0,50.18333333333334,0.2557290060006393,53.73452380952381
2021-06-12,0.059562668121509,0.2445245003713436,1644625.0,50.18166666666667,0.2537626816141142,53.03285714285714
2021-06-13,0.0354372225806635,0.2552892427598862,1825748.0,50.18,0.25491390061371055,52.33095238095238
2021-06-14,0.052993887843374,0.2641311043672011,1993867.0,51.56666666666666,0.2569966597615138,51.95952380952381
2021-06-15,0.0595479060641978,0.2553915750024169,1998621.0,51.565,0.25632271943509427,51.587857142857146
2021-06-16,0.0605323738301528,0.2561574441219686,1911098.0,51.56333333333333,0.2558436783329161,51.21595238095238
2021-06-17,0.0668241337948662,0.259477682641106,1720542.0,51.56166666666667,0.2556852813928615,50.97166666666667
2021-06-18,0.0567748123034461,0.263657593085354,1776114.0,51.56,0.2569470203356109,51.16833333333334
2021-06-19,0.0586269586682951,0.2663767966524796,1535961.0,51.55833333333334,0.26006877694720176,51.365
2021-06-20,0.0595547687374289,0.2578359268196107,1494594.0,51.55833333333334,0.26043258895573385,51.56190476190476
2021-06-21,0.0594730504364411,0.2459939003716309,2082099.0,51.55833333333334,0.25784155981350954,51.56071428571429
2021-06-22,0.0655408020674779,0.2564252788409882,2020537.0,51.55666666666667,0.2579892317904483,51.55952380952381
2021-06-23,0.0584175304366326,0.2634675404365554,1899583.0,51.555,0.2590335312639607,51.55833333333334
2021-06-24,0.0686749119086157,0.260383814176831,1826716.0,51.553333333333335,0.25916297862620713,51.557142857142864
2021-06-25,0.056951577108848,0.2627416848710585,1911966.0,50.93666666666667,0.25903213459559343,51.468095238095245
2021-06-26,0.048781965140959,0.2606715974858191,1736779.0,53.405,0.25821710614321336,51.731904761904765
2021-06-27,0.0509391912313685,0.2641877459328312,1790828.0,54.02166666666667,0.25912450887367344,52.08380952380953
2021-06-28,0.0583860975779346,0.2566171743808905,2087599.0,54.02,0.26064211944642485,52.435476190476194
2021-06-29,0.0586375277502095,0.2621479201725075,1979692.0,53.403333333333336,0.26145963963664187,52.69928571428572
2021-06-30,0.0611901059020143,0.2607529243974763,1877918.0,53.401666666666664,0.2610718373453449,52.96309523809524
2021-07-01,0.060906542228086,0.2672854225372325,1743817.0,53.401666666666664,0.2620577813968308,53.22714285714286
2021-07-02,0.0567969215585821,0.255461943680652,1635985.0,53.4,0.26101781836962984,53.57904761904762
2021-07-03,0.060429743452047,0.2516554628625727,1394830.0,53.4,0.2597297991377375,53.578333333333326
2021-07-04,0.058389959889433,0.2501358953674014,1533309.0,52.47333333333333,0.2577223919141047,53.357142857142854
2021-07-05,0.0541511966442389,0.2590799363636774,2092808.0,52.01,0.25807421505450284,53.07
2021-07-06,0.056529339694203,0.2563605835002593,2286009.0,51.81333333333333,0.25724745267275306,52.84285714285714
2021-07-07,0.0496781383295413,0.2526337481919948,2212384.0,51.806666666666665,0.25608757035768426,52.615
2021-07-08,0.0510161287549724,0.2483606856159473,2276751.0,49.794999999999995,0.2533840365117864,52.0997619047619
2021-07-09,0.0561822564890791,0.2587281561014371,2248948.0,49.791666666666664,0.2538506382861843,51.58428571428571
2021-07-10,0.0379266953828251,0.2428301260995471,2287425.0,49.788333333333334,0.25258987589146636,51.068333333333335
2021-07-11,0.0340794230939507,0.2474764994446023,2564105.0,49.785,0.25220996218820935,50.68428571428571
2021-07-12,0.0439871342857248,0.2514804615013157,2491841.0,49.781666666666666,0.25112432292215764,50.36595238095238
2021-07-13,0.0422955282681346,0.2507189363434906,2562066.0,49.775,0.25031837332833357,50.0747619047619
2021-07-14,0.0478669720477205,0.2533281137529323,2488859.0,49.77166666666667,0.25041756840846746,49.78404761904761
2021-07-15,0.0498361663663178,0.2512566895738177,2544660.0,49.76666666666667,0.25083128325959186,49.78000000000001
2021-07-16,0.0487772872055639,0.2563859405618998,2836827.0,48.221666666666664,0.25049668103965794,49.55571428571428
2021-07-17,0.0528179663053663,0.2478493503414078,3015929.0,49.01166666666666,0.2512137130742094,49.4447619047619
2021-07-18,0.046105381700697,0.250990175841505,2834000.0,49.0,0.25171566684519553,49.33261904761905
2021-07-19,0.0499506629596516,0.259179498852955,3252210.0,47.748333333333335,0.25281552932400114,49.04214285714285
2021-07-20,0.0482201390427695,0.2662545584678303,3209181.0,47.73166666666666,0.25503490391319256,48.750238095238096
2021-07-21,0.0495048750685803,0.2523403615958625,3172117.0,47.715,0.2548937964621826,48.45642857142858
2021-07-22,0.0452173843930016,0.2563923158140491,3142297.0,47.69833333333333,0.2556274573536442,48.16095238095238
2021-07-23,0.0548293342784585,0.2591383291190217,3006046.0,47.68333333333334,0.25602065571894733,48.084047619047624
2021-07-24,0.0456123144317245,0.2659350334394447,2767396.0,47.67333333333334,0.25860432473295264,47.892857142857146
2021-07-25,0.0457168896825325,0.2767876474335213,2516341.0,47.665,0.2622896778175264,47.70214285714286
2021-07-26,0.055823322590902,0.2635934708979958,2764919.0,47.64666666666667,0.26292024525253216,47.68761904761906
2021-07-27,0.0447278280905889,0.256065076398288,2943875.0,47.635,0.2614646049568833,47.67380952380953
2021-07-28,0.0433102674464441,0.2539918998375139,3223114.0,47.62,0.26170053899140494,47.66023809523809
2021-07-29,0.0451043297975538,0.2509768280438789,3363142.0,47.60833333333333,0.2609268978813806,47.64738095238095
2021-07-30,0.0453289684557813,0.2571815843025579,3394472.0,47.596666666666664,0.2606473629076001,47.635
2021-07-31,0.0379984625160902,0.2677537399605747,2966261.0,47.58833333333334,0.2609071781249043,47.622857142857136
2021-08-01,0.0434875781070647,0.2572360999799412,2798436.0,47.58166666666667,0.25811409991725004,47.61095238095238
2021-08-02,0.053541045614254,0.2654764448839628,3151448.0,47.57666666666666,0.2583830962009596,47.600952380952386
2021-08-03,0.058161210280384,0.25255295554794,3167497.0,46.946666666666665,0.2578813646509099,47.50261904761904
2021-08-04,0.0502680802328262,0.2602607490328719,3449161.0,46.93666666666667,0.258776914535961,47.404999999999994
2021-08-05,0.0466413750066429,0.2555763456425465,3525523.0,46.928333333333335,0.25943398847862786,47.307857142857145
2021-08-06,0.0550707467800791,0.2562223186433409,3171987.0,47.294999999999995,0.25929695052731117,47.2647619047619
2021-08-07,0.0374651243777859,0.2799989885233188,2919025.0,47.29,0.2610462717505603,47.222142857142856
2021-08-08,0.055590176010741,0.2661847369103976,2876574.0,47.285,0.2623246484549112,47.179761904761904
2021-08-09,0.0499864066950257,0.262646407025818,3338338.0,46.995000000000005,0.2619203573323191,47.09666666666666
2021-08-10,0.0587737961876149,0.2700831899831595,3279238.0,47.449999999999996,0.26442467653735047,47.16857142857142
2021-08-11,0.0422409814196402,0.2757727684894872,3342272.0,47.44,0.2666406793168669,47.24047619047618
2021-08-12,0.0375866287132143,0.2707916146866174,3385156.0,48.050000000000004,0.26881428918030564,47.40071428571428
2021-08-13,0.0427460918971134,0.2621196613386866,3053259.0,48.48333333333333,0.26965676670821215,47.57047619047619
2021-08-14,0.0474322989481101,0.2635222781151816,2544446.0,48.47833333333333,0.2673029509356211,47.7402380952381
2021-08-15,0.0441659630613543,0.2594155012323822,2100263.0,48.471666666666664,0.2663359172673332,47.90976190476191
2021-08-16,0.0492251048212513,0.2571009164159383,2184974.0,48.754999999999995,0.2655437043230647,48.16119047619048
2021-08-17,0.0623164954654326,0.2586762563790718,2816241.0,61.09,0.2639141423796236,50.1097619047619
2021-08-18,0.0613636687253375,0.2524384004260961,2953666.0,61.08166666666667,0.26058066122771056,52.05857142857143
2021-08-19,0.0493154394953247,0.2593267629991895,2957709.0,61.074999999999996,0.25894282527236373,53.919285714285714
2021-08-20,0.0464197759947526,0.2536047306686963,2922324.0,61.065,0.2577264066052223,55.71666666666666
2021-08-21,0.0387388389907032,0.2627184458209646,3337045.0,61.06166666666667,0.25761157342033414,57.51428571428571
2021-08-22,0.048239261464044,0.2708066609095115,1958737.0,61.055,0.2592388819456383,59.31190476190476
2021-08-23,0.0612178666811216,0.2598003296638574,3258977.0,61.044999999999995,0.25962451240962675,61.067619047619054
2021-08-24,0.0567120505090253,0.2528209087020714,3096587.0,61.53666666666667,0.2587880341700553,61.131428571428565
2021-08-25,0.055404211069016,0.2533721194438464,3008014.0,62.145,0.25892142260116247,61.28333333333334
2021-08-26,0.05713909836701,0.261013860609478,2724974.0,62.748333333333335,0.25916243654548937,61.522380952380956
2021-08-27,0.0568031168467306,0.2591337375225124,2817496.0,62.745000000000005,0.2599522946674631,61.76238095238096
2021-08-28,0.0624780764574735,0.2706083269863092,2493586.0,62.74166666666667,0.26107942054822664,62.00238095238095
2021-08-29,0.054689976533091,0.2576594594402314,2335182.0,62.73666666666667,0.25920124890975804,62.242619047619044
2021-08-30,0.0534995514656568,0.2565058069547324,2656139.0,63.026666666666664,0.25873060280845445,62.52571428571429
2021-08-31,0.0616925257313886,0.2632260330074215,2444480.0,63.02,0.2602170491377902,62.73761904761905
2021-09-01,0.0562773241336728,0.2670331471048481,2763624.0,62.66166666666667,0.26216862451793327,62.81142857142857
2021-09-02,0.0406199711515145,0.2737400541252223,2938858.0,62.965,0.2639866521630396,62.84238095238095
2021-09-03,0.0545723048939559,0.2630661321259356,2405033.0,62.96,0.2645484228206715,62.87309523809524
2021-09-04,0.0469290688159219,0.275536902071356,2234971.0,62.95666666666667,0.26525250497567815,62.90380952380952
2021-09-05,0.0504358816739276,0.2620676027745101,2240358.0,62.95333333333334,0.265882239737718,62.934761904761906
2021-09-06,0.061628244930235,0.2603844468054649,2147731.0,62.95166666666666,0.2664363311449655,62.92404761904762
2021-09-07,0.0583466368562213,0.2530449355884253,2618317.0,59.776666666666664,0.2649818886565375,62.46071428571429
2021-09-08,0.0594723284496817,0.2633914515263489,2420003.0,59.77166666666667,0.2644616464310376,62.04785714285714
2021-09-09,0.0566036201337556,0.2615722599560264,3199346.0,59.30166666666667,0.2627233901211524,61.524523809523814
2021-09-10,0.059856483127066,0.2676443756292905,3674509.0,58.833333333333336,0.263377424907346,60.934999999999995
2021-09-11,0.0600378237766758,0.2530664862341761,2437246.0,58.82833333333334,0.26016736550203456,60.345238095238095
2021-09-12,0.0635968878855729,0.2642934087819105,2273389.0,58.82333333333333,0.26048533778880606,59.7552380952381
2021-09-13,0.0588255058037616,0.2691315120253542,3116987.0,58.82,0.26173491853450453,59.165000000000006
2021-09-14,0.0599557255217977,0.2565682524959998,2904091.0,59.43166666666667,0.2622382495213009,59.11571428571428
2021-09-15,0.0556007203695877,0.2621428401195834,2627401.0,59.42666666666667,0.26205987646319157,59.066428571428574
2021-09-16,0.0462267346734117,0.2585501729237845,2717695.0,59.419999999999995,0.2616281497442999,59.083333333333336
2021-09-17,0.0461682788293029,0.2656310410146469,2706436.0,59.415,0.2613405305136365,59.16642857142857
2021-09-18,0.0487191902387991,0.2500194083470943,2241235.0,59.10333333333333,0.2609052336726248,59.205714285714286
2021-09-19,0.041946759546251,0.2655639792008074,2290977.0,59.09833333333333,0.2610867437324672,59.245
2021-09-20,0.0754447210599621,0.2703029486684948,2790068.0,58.94,0.2612540918243444,59.262142857142855
2021-09-21,0.0606629436851256,0.2648253348170339,2241524.0,58.935,0.2624336750130636,59.19119047619047
2021-09-22,0.0609334369718631,0.2693227674903083,2323202.0,58.93,0.2634593789231672,59.12023809523809
2021-09-23,0.0568920161630497,0.2646324904519247,2241688.0,58.92666666666667,0.2643282814271872,59.0497619047619
2021-09-24,0.0654614368420629,0.2647557007839813,2059018.0,58.919999999999995,0.2642032328228064,58.97904761904762
2021-09-25,0.0526796440891816,0.2632533173262525,1647906.0,58.91833333333333,0.2660937912484004,58.952619047619045
2021-09-26,0.0579041029804563,0.2610636657219504,1604295.0,58.915,0.26545088932284944,58.92642857142857
2021-09-27,0.0543818675901467,0.2617207567703749,2365010.0,58.91166666666667,0.26422486190883226,58.922380952380955
2021-09-28,0.0522824618908911,0.2558328271405951,2381940.0,58.906666666666666,0.26294021795505534,58.91833333333334
2021-09-29,0.0513528956510953,0.2545105634538248,2343125.0,58.905,0.26082418880698627,58.91476190476191
2021-09-30,0.0450188318133633,0.2501782657086557,2038891.0,58.9,0.2587592995579478,58.91095238095238
2021-10-01,0.0545391831876566,0.2593801435817794,1908122.0,58.69166666666666,0.2579913628147761,58.87833333333333
2021-10-02,0.0500794462737463,0.2650569874028179,2108962.0,58.68833333333333,0.2582490299685712,58.84547619047619
2021-10-03,0.0545316144196779,0.2578820484831134,1739268.0,58.68666666666667,0.2577945132201659,58.81285714285714
2021-10-04,0.0651201701087016,0.2533047845184667,1909160.0,58.68333333333334,0.2565922314698933,58.78023809523809
2021-10-05,0.0545865182461636,0.2516526714176736,2148267.0,58.681666666666665,0.2559950663666188,58.74809523809524
2021-10-06,0.05859687894313,0.2530522892172283,2075883.0,58.675000000000004,0.2557867414756764,58.71523809523809
2021-10-07,0.0684157863983675,0.2556744631650567,2338335.0,58.67333333333334,0.2565719125408766,58.682857142857145
2021-10-08,0.0722639876579938,0.2781378924265328,1411691.0,59.13333333333333,0.25925159094726996,58.74595238095238
2021-10-09,0.0679889206938492,0.2680199357271431,1410813.0,59.129999999999995,0.2596748692793164,58.809047619047625
2021-10-10,0.0539679032039798,0.2557036023289704,2031769.0,59.12833333333333,0.2593636626858674,58.87214285714286
2021-10-11,0.0602308662995348,0.2546147434421033,1436411.0,59.74333333333333,0.2595507996749583,59.02357142857143
2021-10-12,0.0525274816846984,0.2639078923366503,2647110.0,59.74,0.2613015455205264,59.17476190476191
2021-10-13,0.0561579829791002,0.2585562746417238,2035278.0,59.73666666666667,0.26208782915259715,59.326428571428565
2021-10-14,0.0532581251587829,0.2613996682994847,1947759.0,59.73333333333333,0.2629057156003726,59.47785714285714
2021-10-15,0.0534965870983382,0.2563239639414826,1871896.0,59.73,0.2597894401025083,59.56309523809524
2021-10-16,0.0516802071660939,0.2570176695157066,1508992.0,59.72833333333333,0.2582176877865888,59.64857142857142
2021-10-17,0.0557372783298124,0.2641428806139809,1462011.0,59.72666666666667,0.25942329897016175,59.734047619047615
2021-10-18,0.0543088205833519,0.2618384473086448,2283943.0,59.721666666666664,0.260455256665382,59.730952380952374
2021-10-19,0.0570477718026137,0.2679784753491098,2072206.0,59.72,0.26103676852430474,59.72809523809524
2021-10-20,0.0582122716933311,0.2489228233760138,2125391.0,59.71666666666667,0.2596605612006319,59.72523809523809
2021-10-21,0.0764150905543433,0.2579931803227151,2115625.0,59.715,0.25917392006109335,59.72261904761905
2021-10-22,0.0730463597884071,0.2579181028166921,1732711.0,58.166666666666664,0.2594016541861233,59.49928571428571
2021-10-23,0.0618788754136625,0.2592090206708934,1344116.0,57.548333333333325,0.25971470435114996,59.18785714285714
2021-10-24,0.0607780504614857,0.2539062801853757,1444159.0,57.54666666666666,0.25825233286134924,58.87642857142857
2021-10-25,0.0570455552745659,0.2538090709629369,1742861.0,57.23499999999999,0.25710527909767666,58.521190476190476
2021-10-26,0.0646415442307908,0.2528123196865545,1731870.0,57.23166666666666,0.25493868543159737,58.16571428571428
2021-10-27,0.0573346810171022,0.2536774869508316,1633324.0,57.23,0.25561792308514275,57.810476190476194
2021-10-28,0.0552484405323006,0.2452934358124509,1584846.0,57.145,0.2538036738693907,57.44333333333333
2021-10-29,0.0634432384706221,0.254002957813786,1493553.0,57.14166666666667,0.25324436744040413,57.29690476190475
2021-10-30,0.0549689797713759,0.2645757147154661,1283017.0,57.26333333333333,0.25401103801820024,57.25619047619047
2021-10-31,0.0577865047702837,0.2616414991229674,1380723.0,57.26166666666666,0.2551160692949991,57.21547619047619
2021-11-01,0.060861548520517,0.2517007654395978,1599740.0,57.12833333333333,0.2548148827916649,57.2002380952381
2021-11-02,0.0448020270827385,0.25898445202116,1571260.0,57.123333333333335,0.2556966159823228,57.184761904761906
2021-11-03,0.0431368709772691,0.2838804647438698,1677029.0,57.11333333333334,0.26001132709561403,57.16809523809523
2021-11-04,0.0563039551076789,0.2631878041845781,1878170.0,57.10666666666666,0.26256766543448934,57.162619047619046
2021-11-05,0.0633613427187148,0.2620286421230934,1913096.0,57.099999999999994,0.26371419176439037,57.15666666666667
2021-11-06,0.0547429895882471,0.2606029896956556,1557600.0,57.095,0.26314665961870315,57.13261904761905
2021-11-07,0.0585677960391319,0.2600324869981614,1553389.0,57.09166666666666,0.26291680074373086,57.108333333333334
2021-11-08,0.0552619916786951,0.2600825617260083,1795492.0,56.715,0.2641142002132181,57.04928571428571
2021-11-09,0.0478446203622112,0.2522710235811287,1914876.0,56.248333333333335,0.2631551390074994,56.92428571428571
2021-11-10,0.0552606228279951,0.2452839544665684,1610172.0,56.24166666666667,0.2576413518250277,56.79976190476191
2021-11-11,0.0520200377535561,0.2484429892391082,1399270.0,56.23166666666666,0.25553494968996054,56.67476190476191
2021-11-12,0.0501434861224098,0.2578974867221396,1657923.0,56.225,0.25494478463268144,56.5497619047619
2021-11-13,0.0565869292485326,0.2656931576333976,1551456.0,56.22,0.2556719514809303,56.42476190476191
2021-11-14,0.0512863938773783,0.2538705018986329,1583755.0,56.21666666666667,0.2547916678952834,56.2997619047619
2021-11-15,0.0532403820116014,0.2577830154647363,1525700.0,58.21666666666667,0.25446316128653024,56.51428571428572
2021-11-16,0.0572906636989373,0.2547607907899397,1679212.0,58.49,0.25481884231636037,56.834523809523816
2021-11-17,0.0536474561796068,0.25296032575742,1719693.0,58.48500000000001,0.255915466786482,57.154999999999994
2021-11-18,0.0635689345347927,0.2555224057722306,1690502.0,58.47666666666667,0.25692681200549955,57.47571428571429
2021-11-19,0.0570407647917182,0.269555671823829,1429612.0,58.475,0.2585922670200266,57.797142857142866
2021-11-20,0.0531695400705376,0.269393344953093,1298008.0,57.425000000000004,0.2591208652085545,57.96928571428571
2021-11-21,0.0557473711649493,0.261796698066104,1228588.0,57.42166666666666,0.26025317894676464,58.14142857142857
2021-11-22,0.060887508360215,0.2614346998203509,1648181.0,58.458333333333336,0.2607748481404239,58.17595238095238
2021-11-23,0.0533867281758488,0.2722524060623107,1499581.0,58.45333333333334,0.2632736503221912,58.17071428571428
2021-11-24,0.0502653905422637,0.2649666838478173,1714186.0,57.83166666666667,0.26498884433510506,58.077380952380956
2021-11-25,0.0629852441623401,0.2501825889843326,1456028.0,57.82833333333334,0.26422601336540535,57.98476190476191
2021-11-26,0.0629551054580272,0.2415087573893483,2126407.0,58.525,0.2602193113033367,57.99190476190476
2021-11-27,0.0522502549428064,0.2464876404761893,2311888.0,59.41166666666667,0.2569470678066362,58.27571428571429
2021-11-28,0.0476370075688499,0.2531467193212369,2159034.0,59.40833333333333,0.25571135655736943,58.55952380952381
2021-11-29,0.0548883374315831,0.2556334787912099,2183152.0,59.406666666666666,0.2548826106960636,58.69500000000001
2021-11-30,0.0503547996909916,0.2562793988539355,2327641.0,58.375,0.25260075252343855,58.68380952380953
2021-12-01,0.0496975607113523,0.2522514970647109,2521416.0,58.370000000000005,0.25078429726870904,58.76071428571429
2021-12-02,0.0532124473853486,0.2556045413612883,2580070.0,58.365,0.2515588618939884,58.837380952380954
2021-12-03,0.0368853244666022,0.2596005719832253,2190721.0,56.199999999999996,0.25414340683597086,58.5052380952381
2021-12-04,0.0423345684381007,0.2689922262860038,1765155.0,56.195,0.25735834766594434,58.04571428571428
2021-12-05,0.0441644425844775,0.2663518700943792,1812269.0,56.193333333333335,0.25924479777639325,57.58642857142858
2021-12-06,0.0491453481980188,0.2617307032682729,1944412.0,55.335,0.2601158298445451,57.0047619047619
2021-12-07,0.0517469605554908,0.2653730294011442,1938098.0,55.56833333333333,0.2614149199227178,56.60380952380952
2021-12-08,0.0402012431959148,0.2531769259501931,2494995.0,55.565,0.26154712404921526,56.20309523809523
2021-12-09,0.0460494282790471,0.2662600927390938,2065906.0,55.56,0.263069345674616,55.80238095238094
2021-12-10,0.050124196801644,0.2677561318737555,1698323.0,55.555,0.26423442565897753,55.71023809523809
2021-12-11,0.0429495999789939,0.2565075973907413,1874247.0,55.55166666666667,0.26245090724536857,55.61833333333333
2021-12-12,0.0535300201780967,0.2561573386472801,1806656.0,55.550000000000004,0.26099454561006874,55.526428571428575
2021-12-13,0.0554632893784577,0.2574462245623488,2265673.0,55.544999999999995,0.2603824772235081,55.55642857142857
2021-12-14,0.056909337500535,0.2554452861589516,2608509.0,53.07333333333333,0.2589642281889092,55.2
2021-12-15,0.0574816212714364,0.2531423999191715,2722260.0,48.653333333333336,0.2589592958987632,54.21261904761905
2021-12-16,0.0519691189872512,0.2539523059960459,2708552.0,48.64666666666667,0.2572010406497564,53.22500000000001
2021-12-17,0.0537484741795194,0.251482474151793,2998241.0,48.63833333333333,0.2548762324037617,52.23690476190477
2021-12-18,0.0488619883197889,0.248824492872899,3049959.0,48.62833333333333,0.25377864604406997,51.24785714285714
2021-12-19,0.0493182609878154,0.2598399808324174,2932606.0,48.27,0.2543047377848039,50.207857142857144
2021-12-20,0.0503374326275473,0.2535105042478946,3182274.0,48.26166666666666,0.2537424920255961,49.167380952380945
2021-12-21,0.0459400384372173,0.2622196789421589,3227890.0,48.254999999999995,0.25471026242319716,48.47904761904761
2021-12-22,0.0570024762500563,0.2665188561170927,3117951.0,48.645,0.2566211847371859,48.47785714285715
2021-12-23,0.0466639023657946,0.2727817999862165,2802705.0,48.635,0.25931111245006744,48.47619047619048
2021-12-24,0.0437049771898435,0.2698575218154128,2364394.0,49.48499999999999,0.261936119259156,48.59714285714285
2021-12-25,0.0400695446162438,0.2720874737164059,1733805.0,49.48499999999999,0.26525940223679983,48.71952380952381
2021-12-26,0.0484717523933499,0.2558126423970279,2046472.0,49.946666666666665,0.26468406817460133,48.95904761904762
2021-12-27,0.0474157129804812,0.262193661042043,2828641.0,50.40833333333333,0.26592451914519394,49.26571428571429
2021-12-28,0.039849259784377,0.2531904750745306,3334155.0,50.403333333333336,0.2646346328783899,49.57261904761905
2021-12-29,0.039769502083221,0.2578338539968304,3403732.0,50.395,0.263393918289781,49.82261904761905
2021-12-30,0.0480032532020237,0.2583437358421621,3467537.0,50.39166666666667,0.2613313376977732,50.07357142857143
2021-12-31,0.063171360979838,0.2628152242773132,2949532.0,50.416666666666664,0.26032529519233044,50.20666666666666
2022-01-01,0.057923019606206,0.2642754348794132,2263408.0,50.08833333333334,0.2592092896441886,50.292857142857144
2022-01-02,0.0519716088604181,0.2616384518028349,2573288.0,50.085,0.2600415481307325,50.312619047619044
2022-01-03,0.0487209050334342,0.2561464173122551,3001920.0,50.699999999999996,0.2591776561693342,50.35428571428571
2022-01-04,0.0467465765654204,0.2515598733989743,3346576.0,50.385,0.2589447130728261,50.351666666666674
2022-01-05,0.0458143541403159,0.251674204268082,3411574.0,50.37833333333333,0.2580647631115764,50.34928571428572
2022-01-06,0.0445861149973524,0.2603721161102377,3029310.0,51.29666666666666,0.25835453172130146,50.47857142857142
2022-01-07,0.0481345352412611,0.2640124572038329,3362467.0,51.29,0.2585255649965186,50.60333333333334
2022-01-08,0.0460513160716527,0.2587765392534636,3115217.0,51.281666666666666,0.2577400084785258,50.77380952380952
2022-01-09,0.0475966508136467,0.2611306116791756,2996023.0,50.355,0.25766745988943157,50.812380952380956
2022-01-10,0.0457885191114389,0.260831165627601,3390261.0,50.346666666666664,0.2583367096487667,50.76190476190476
2022-01-11,0.039280126486959,0.2599737437783581,3348707.0,49.413333333333334,0.2595386911315359,50.62309523809523
2022-01-12,0.0437305183682107,0.2552808588336885,3230398.0,49.406666666666666,0.26005392749805106,50.48428571428571
2022-01-13,0.0447069946186426,0.2651702610228032,3129431.0,50.32666666666666,0.26073937677127473,50.34571428571429
2022-01-14,0.0513216527739651,0.2645415053141244,2802079.0,50.32,0.26081495507274494,50.207142857142856
2022-01-15,0.0479775305850894,0.264047553446451,2280782.0,50.315,0.26156795710031455,50.06904761904762
2022-01-16,0.0505858268958243,0.2537467639704949,2255273.0,50.31333333333333,0.26051312171336016,50.06309523809524
2022-01-17,0.0445815891646795,0.2549473172986197,2276494.0,49.68833333333333,0.2596725719520771,49.96904761904762
2022-01-18,0.0688676113692799,0.2682294647415977,2710592.0,48.60166666666667,0.2608519606611113,49.853095238095236
2022-01-19,0.0720635180007479,0.2641196844847049,2916426.0,49.53666666666667,0.262114650039828,49.87166666666666
2022-01-20,0.0601364187432885,0.2526092872498729,2159107.0,49.203333333333326,0.26032022521512366,49.711190476190474
2022-01-21,0.0537335198061004,0.260808780892672,2233715.0,49.196666666666665,0.2597869788692019,49.55071428571428
2022-01-22,0.0472279323848687,0.2654251132219479,2113017.0,46.375,0.2599837731228443,48.98785714285714
2022-01-23,0.0614476569984375,0.263519339468709,2023746.0,46.446666666666665,0.26137985533687486,48.43547619047619
2022-01-24,0.0605007557501916,0.2599056706208785,2353432.0,46.44166666666666,0.262088191525769,47.97166666666666
2022-01-25,0.0525028612186009,0.2588918611594175,2357783.0,46.43333333333334,0.2607542481568861,47.66190476190476
2022-01-26,0.0563487041118041,0.2586152156223463,2090226.0,46.43,0.25996789546226345,47.21809523809524
2022-01-27,0.059573569649054,0.2638823883445956,2248885.0,46.203333333333326,0.26157833847579526,46.78952380952381
2022-01-28,0.0565050727674144,0.25511113282996,2072883.0,46.195,0.2607643887525507,46.36071428571428
2022-01-29,0.0556693023395751,0.2628081914182607,1797616.0,46.193333333333335,0.26039054278059537,46.33476190476191
2022-01-30,0.0569723581961407,0.2706024908919215,1632216.0,44.78,0.26140242155534,46.09666666666667
2022-01-31,0.0570813558928733,0.2678796979492404,2279466.0,44.77333333333333,0.2625415683165345,45.858333333333334
2022-02-01,0.0483300679961478,0.2559533056577465,2010791.0,44.76833333333334,0.2621217746734387,45.6204761904762
2022-02-02,0.0537314351161956,0.2524429278339384,2054738.0,44.76166666666666,0.2612400192750947,45.38214285714286
2022-02-03,0.0526524531139481,0.2515769434950534,1855601.0,44.75333333333333,0.259482098582303,45.175000000000004
2022-02-04,0.0459892050813404,0.2600782101127189,1757181.0,43.82333333333333,0.26019168105126855,44.836190476190474
2022-02-05,0.0514938246930999,0.2517236674356529,1538817.0,43.81666666666666,0.25860817762518173,44.49666666666666
2022-02-06,0.050681499588438,0.2694710851944277,1370623.0,44.01166666666666,0.25844654823982544,44.38690476190476
2022-02-07,0.0588515901054073,0.263068634134263,1652990.0,44.00666666666667,0.2577592534091144,44.277380952380945
2022-02-08,0.0578978704994202,0.2615909395664647,1845132.0,44.00333333333334,0.25856462968178845,44.16809523809523
2022-02-09,0.048155011164363,0.2666155742298852,2001047.0,43.995,0.260589293452638,44.058571428571426
2022-02-10,0.0517920632718642,0.2572195430141414,1772138.0,43.99,0.26139537909822197,43.949523809523804
2022-02-11,0.0514503571427273,0.2551432187778221,1693945.0,43.656666666666666,0.2606903803360939,43.925714285714285
2022-02-12,0.0449238406843193,0.2483404120244912,1466190.0,43.655,0.2602070581344993,43.90261904761905
2022-02-13,0.05214397979486,0.2454694266056151,1260344.0,42.135,0.25677824976466895,43.634523809523806
2022-02-14,0.0593721030111367,0.2478653226567881,1429178.0,42.12833333333334,0.2546063481250297,43.36619047619048
2022-02-15,0.0471049584573736,0.2540331571261404,1706704.0,40.968333333333334,0.25352666491926906,42.93261904761905
2022-02-16,0.0524522373011225,0.2535989624788103,1501094.0,40.96333333333333,0.2516671489548298,42.49952380952381
2022-02-17,0.0632200912782666,0.2648130066421994,1463302.0,40.96,0.2527519294731238,42.06666666666667
2022-02-18,0.05138393045563,0.2566414021367075,1409014.0,40.95333333333333,0.2529659556672503,41.68047619047619
2022-02-19,0.0481281758646761,0.2594561571864718,1056134.0,40.95166666666666,0.2545539192618189,41.294285714285714
2022-02-20,0.0641704906785535,0.2608600982222276,1351595.0,40.95166666666666,0.2567525866356207,41.125238095238096
2022-02-21,0.0505001062350203,0.2645045930315058,1586468.0,38.60833333333333,0.2591296252605804,40.622380952380944
2022-02-22,0.0521335038000529,0.2574847484731855,1152122.0,38.605,0.2596227097387297,40.28476190476191
2022-02-23,0.0477705382057677,0.2503229309392603,1298018.0,38.6,0.2591547052330797,39.94714285714286
2022-02-24,0.0460857392817418,0.2444603446534486,1227673.0,38.595,0.2562471820918296,39.60928571428571
2022-02-25,0.0657028939506521,0.2549922908762203,1003817.0,38.59,0.25601159476890284,39.27166666666666
2022-02-26,0.0646822678110783,0.2596436373209004,832337.0,38.58833333333333,0.2560383776452498,38.93404761904761
2022-02-27,0.0553801156388748,0.2371977694744381,948835.0,38.23166666666666,0.2526580449669941,38.54547619047619
2022-02-28,0.0702463691655646,0.2534406597350595,1085424.0,33.87833333333334,0.2510774830675018,37.8697619047619
2022-03-01,0.0766921310902986,0.2635865137837012,1252254.0,33.62833333333334,0.2519491638261469,37.15880952380952
2022-03-02,0.0621240721794895,0.2623860175750268,1509612.0,33.625,0.2536724619169707,36.44809523809524
2022-03-03,0.049686952565048,0.2606002728828595,1148066.0,33.678333333333335,0.25597816594974365,35.74571428571429
2022-03-04,0.05169424588899,0.2529805669198358,1086331.0,33.67333333333333,0.2556907768131173,35.04333333333334
2022-03-05,0.0581031818128934,0.2533512112344201,769398.0,32.74166666666667,0.254791858800763,34.20809523809524
2022-03-06,0.0620212237426314,0.260595102383694,841981.0,32.74166666666667,0.2581343349306567,33.42380952380953
2022-03-07,0.0573966224855196,0.2634626321379332,1150447.0,32.27166666666667,0.25956604527392435,33.19428571428572
2022-03-08,0.0558233927108189,0.257784001922525,1213991.0,32.266666666666666,0.25873711500804203,32.999761904761904
2022-03-09,0.054629165073572,0.2521091217555312,1124163.0,32.25833333333333,0.2572689870338284,32.80452380952381
2022-03-10,0.0626848089284111,0.2595060531644221,1033861.0,32.25333333333333,0.25711266993119447,32.60095238095238
2022-03-11,0.0560219829746202,0.2499382230109695,1081704.0,32.245,0.25667804937278504,32.396904761904764
2022-03-12,0.0382421162469796,0.254742629717089,862108.0,32.236666666666665,0.2568768234417377,32.3247619047619
2022-03-13,0.0444594862011838,0.2622190662555693,955834.0,32.23166666666666,0.257108818280577,32.25190476190476
2022-03-14,0.0422914129801418,0.2610380760922106,1153878.0,31.32166666666667,0.2567624531311881,32.116190476190475
2022-03-15,0.051702458483003,0.2618626559757158,1454042.0,31.311666666666667,0.25734511799592963,31.979761904761904
2022-03-16,0.0506576061512994,0.2614540293482252,876675.0,31.919999999999998,0.25868010479488596,31.93142857142857
2022-03-17,0.0563111383052034,0.2617729729825088,993804.0,31.91,0.259003950483184,31.88238095238095
2022-03-18,0.0561382159001777,0.2489794444119198,1003148.0,31.436666666666667,0.2588669821118912,31.766904761904758
2022-03-19,0.0637090765633102,0.2529792413141245,873441.0,31.421666666666663,0.25861506948289625,31.65047619047619
2022-03-20,0.052855836784898,0.2652378891425957,895294.0,31.416666666666668,0.2590463298953286,31.534047619047616
2022-03-21,0.0506339154860574,0.2592931332389167,937907.0,31.40833333333333,0.25879705234485806,31.54642857142857
2022-03-22,0.0564258912435261,0.2479698564899557,1116342.0,31.396666666666665,0.25681236670403523,31.55857142857143
2022-03-23,0.0616458953289337,0.2455497183634612,1069015.0,31.391666666666666,0.25454032227764034,31.48309523809524
2022-03-24,0.0520980100851591,0.2559974970844476,1061025.0,31.38,0.25371525429220304,31.40738095238095
2022-03-25,0.0581574862857682,0.2610981349862301,876965.0,31.37,0.2554464958028188,31.39785714285714
2022-03-26,0.0680033176456007,0.2573935399664948,814413.0,31.36,0.25607710989601457,31.38904761904762
2022-03-27,0.0553143891950202,0.257105990697946,808591.0,31.353333333333335,0.25491541011820745,31.38
2022-03-28,0.0704899139329754,0.2568478582557482,947812.0,30.883333333333336,0.2545660851206119,31.305
2022-03-29,0.0574993818331211,0.2652823633750182,1231288.0,30.876666666666665,0.2570393003899066,31.23071428571429
2022-03-30,0.0582553798710277,0.2629618206203858,1221280.0,29.473333333333333,0.2595267435694672,30.95666666666667
2022-03-31,0.050730606885335,0.2611512319507741,934865.0,30.59166666666667,0.26026299140751386,30.844047619047622
